<?xml version="1.0" encoding="UTF-8" standalone="yes"?>
<types>
    <!-- HELICOPTERS -->
	<type name="ExpansionMh6">
        <nominal>0</nominal>
        <lifetime>3888000</lifetime>
        <restock>1800</restock>
        <min>0</min>
        <quantmin>-1</quantmin>
        <quantmax>-1</quantmax>
        <cost>100</cost>
        <flags count_in_cargo="0" count_in_hoarder="0" count_in_map="1" count_in_player="0" crafted="0" deloot="0"/>
    </type>
    <type name="ExpansionUh1h">
        <nominal>0</nominal>
        <lifetime>3888000</lifetime>
        <restock>1800</restock>
        <min>0</min>
        <quantmin>-1</quantmin>
        <quantmax>-1</quantmax>
        <cost>100</cost>
        <flags count_in_cargo="0" count_in_hoarder="0" count_in_map="1" count_in_player="0" crafted="0" deloot="0"/>
    </type>
	<type name="ExpansionMerlin">
        <nominal>0</nominal>
        <lifetime>3888000</lifetime>
        <restock>1800</restock>
        <min>0</min>
        <quantmin>-1</quantmin>
        <quantmax>-1</quantmax>
        <cost>100</cost>
        <flags count_in_cargo="0" count_in_hoarder="0" count_in_map="1" count_in_player="0" crafted="0" deloot="0"/>
    </type>
	<type name="ExpansionGyrocopter">
        <nominal>0</nominal>
        <lifetime>3888000</lifetime>
        <restock>1800</restock>
        <min>0</min>
        <quantmin>-1</quantmin>
        <quantmax>-1</quantmax>
        <cost>100</cost>
        <flags count_in_cargo="0" count_in_hoarder="0" count_in_map="1" count_in_player="0" crafted="0" deloot="0"/>
    </type>
	<type name="ExpansionMh6Wreck">
        <lifetime>2700</lifetime>
        <flags count_in_cargo="0" count_in_hoarder="0" count_in_map="1" count_in_player="0" crafted="0" deloot="0"/>
    </type>
    <type name="ExpansionUh1hWreck">
        <lifetime>2700</lifetime>
        <flags count_in_cargo="0" count_in_hoarder="0" count_in_map="1" count_in_player="0" crafted="0" deloot="0"/>
    </type>
	<type name="ExpansionMerlinWreck">
        <lifetime>2700</lifetime>
        <flags count_in_cargo="0" count_in_hoarder="0" count_in_map="1" count_in_player="0" crafted="0" deloot="0"/>
    </type>
	<type name="ExpansionGyrocopterWreck">
        <lifetime>2700</lifetime>
        <flags count_in_cargo="0" count_in_hoarder="0" count_in_map="1" count_in_player="0" crafted="0" deloot="0"/>
    </type>
	<!-- BOATS -->
	<type name="ExpansionUtilityBoat">
        <nominal>0</nominal>
        <lifetime>3888000</lifetime>
        <restock>1800</restock>
        <min>0</min>
        <quantmin>-1</quantmin>
        <quantmax>-1</quantmax>
        <cost>100</cost>
        <flags count_in_cargo="0" count_in_hoarder="0" count_in_map="1" count_in_player="0" crafted="0" deloot="0"/>
    </type>
    <type name="ExpansionZodiacBoat">
        <nominal>0</nominal>
        <lifetime>3888000</lifetime>
        <restock>1800</restock>
        <min>0</min>
        <quantmin>-1</quantmin>
        <quantmax>-1</quantmax>
        <cost>100</cost>
        <flags count_in_cargo="0" count_in_hoarder="0" count_in_map="1" count_in_player="0" crafted="0" deloot="0"/>
    </type>
	<type name="ExpansionLHD">
        <nominal>0</nominal>
        <lifetime>3888000</lifetime>
        <restock>1800</restock>
        <min>0</min>
        <quantmin>-1</quantmin>
        <quantmax>-1</quantmax>
        <cost>100</cost>
        <flags count_in_cargo="0" count_in_hoarder="0" count_in_map="1" count_in_player="0" crafted="0" deloot="0"/>
    </type>
	<!-- CARS -->
	<type name="ExpansionUAZ">
        <nominal>0</nominal>
        <lifetime>3888000</lifetime>
        <restock>1800</restock>
        <min>0</min>
        <quantmin>-1</quantmin>
        <quantmax>-1</quantmax>
        <cost>100</cost>
        <flags count_in_cargo="0" count_in_hoarder="0" count_in_map="1" count_in_player="0" crafted="0" deloot="0"/>
    </type>
	<type name="ExpansionUAZRoofless">
        <nominal>0</nominal>
        <lifetime>3888000</lifetime>
        <restock>1800</restock>
        <min>0</min>
        <quantmin>-1</quantmin>
        <quantmax>-1</quantmax>
        <cost>100</cost>
        <flags count_in_cargo="0" count_in_hoarder="0" count_in_map="1" count_in_player="0" crafted="0" deloot="0"/>
    </type>
	<type name="ExpansionUAZCargo">
        <nominal>0</nominal>
        <lifetime>3888000</lifetime>
        <restock>1800</restock>
        <min>0</min>
        <quantmin>-1</quantmin>
        <quantmax>-1</quantmax>
        <cost>100</cost>
        <flags count_in_cargo="0" count_in_hoarder="0" count_in_map="1" count_in_player="0" crafted="0" deloot="0"/>
    </type>
	<type name="ExpansionUAZCargoRoofless">
        <nominal>0</nominal>
        <lifetime>3888000</lifetime>
        <restock>1800</restock>
        <min>0</min>
        <quantmin>-1</quantmin>
        <quantmax>-1</quantmax>
        <cost>100</cost>
        <flags count_in_cargo="0" count_in_hoarder="0" count_in_map="1" count_in_player="0" crafted="0" deloot="0"/>
    </type>
	<type name="ExpansionVodnik">
        <nominal>0</nominal>
        <lifetime>3888000</lifetime>
        <restock>1800</restock>
        <min>0</min>
        <quantmin>-1</quantmin>
        <quantmax>-1</quantmax>
        <cost>100</cost>
        <flags count_in_cargo="0" count_in_hoarder="0" count_in_map="1" count_in_player="0" crafted="0" deloot="0"/>
    </type>
	<type name="ExpansionBus">
        <nominal>0</nominal>
        <lifetime>3888000</lifetime>
        <restock>1800</restock>
        <min>0</min>
        <quantmin>-1</quantmin>
        <quantmax>-1</quantmax>
        <cost>100</cost>
        <flags count_in_cargo="0" count_in_hoarder="0" count_in_map="1" count_in_player="0" crafted="0" deloot="0"/>
    </type>
	<type name="ExpansionTractor">
        <nominal>0</nominal>
        <lifetime>3888000</lifetime>
        <restock>1800</restock>
        <min>0</min>
        <quantmin>-1</quantmin>
        <quantmax>-1</quantmax>
        <cost>100</cost>
        <flags count_in_cargo="0" count_in_hoarder="0" count_in_map="1" count_in_player="0" crafted="0" deloot="0"/>
    </type>
	<!-- PLANES -->
	<type name="ExpansionAn2">
        <nominal>0</nominal>
        <lifetime>3888000</lifetime>
        <restock>1800</restock>
        <min>0</min>
        <quantmin>-1</quantmin>
        <quantmax>-1</quantmax>
        <cost>100</cost>
        <flags count_in_cargo="0" count_in_hoarder="0" count_in_map="1" count_in_player="0" crafted="0" deloot="0"/>
    </type>
	<!-- EXPANSION ITEM TYPES -->
	<!-- VEHICLE PARTS -->
    <type name="GlowPlug">
        <nominal>50</nominal>
        <lifetime>2700</lifetime>
        <restock>0</restock>
        <min>25</min>
        <quantmin>-1</quantmin>
        <quantmax>-1</quantmax>
        <cost>100</cost>
        <flags count_in_cargo="0" count_in_hoarder="0" count_in_map="1" count_in_player="0" crafted="0" deloot="0"/>
        <category name="tools"/>
        <tag name="shelves"/>
        <usage name="Industrial"/>
    </type>
	<type name="ExpansionHelicopterBattery">
        <nominal>20</nominal>
        <lifetime>43200</lifetime>
        <restock>0</restock>
        <min>10</min>
        <quantmin>-1</quantmin>
        <quantmax>-1</quantmax>
        <cost>100</cost>
        <flags count_in_cargo="0" count_in_hoarder="0" count_in_map="1" count_in_player="0" crafted="0" deloot="0"/>
        <category name="tools"/>
        <usage name="Industrial"/>
		<usage name="Military"/>
    </type>
	<type name="ExpansionAircraftBattery">
        <nominal>0</nominal>
        <lifetime>43200</lifetime>
        <restock>0</restock>
        <min>0</min>
        <quantmin>-1</quantmin>
        <quantmax>-1</quantmax>
        <cost>100</cost>
        <flags count_in_cargo="0" count_in_hoarder="0" count_in_map="1" count_in_player="0" crafted="0" deloot="0"/>
        <category name="tools"/>
        <usage name="Industrial"/>
		<usage name="Military"/>
    </type>
	<type name="ExpansionIgniterPlug">
        <nominal>20</nominal>
        <lifetime>43200</lifetime>
        <restock>0</restock>
        <min>10</min>
        <quantmin>-1</quantmin>
        <quantmax>-1</quantmax>
        <cost>100</cost>
        <flags count_in_cargo="0" count_in_hoarder="0" count_in_map="1" count_in_player="0" crafted="0" deloot="0"/>
        <category name="tools"/>
        <usage name="Industrial"/>
		<usage name="Military"/>
    </type>
	<type name="ExpansionHydraulicHoses">
        <nominal>20</nominal>
        <lifetime>43200</lifetime>
        <restock>0</restock>
        <min>10</min>
        <quantmin>-1</quantmin>
        <quantmax>-1</quantmax>
        <cost>100</cost>
        <flags count_in_cargo="0" count_in_hoarder="0" count_in_map="1" count_in_player="0" crafted="0" deloot="0"/>
        <category name="tools"/>
        <usage name="Industrial"/>
		<usage name="Military"/>
    </type>
	<type name="ExpansionC130JWheel">
        <nominal>0</nominal>
        <lifetime>2700</lifetime>
        <restock>0</restock>
        <min>0</min>
        <quantmin>-1</quantmin>
        <quantmax>-1</quantmax>
        <cost>100</cost>
        <flags count_in_cargo="0" count_in_hoarder="0" count_in_map="1" count_in_player="0" crafted="0" deloot="0"/>
        <category name="tools"/>
        <tag name="floor"/>
        <usage name="Industrial"/>
    </type>	
	<type name="ExpansionAnWheel">
        <nominal>0</nominal>
        <lifetime>2700</lifetime>
        <restock>0</restock>
        <min>0</min>
        <quantmin>-1</quantmin>
        <quantmax>-1</quantmax>
        <cost>100</cost>
        <flags count_in_cargo="0" count_in_hoarder="0" count_in_map="1" count_in_player="0" crafted="0" deloot="0"/>
        <category name="tools"/>
        <tag name="floor"/>
        <usage name="Industrial"/>
    </type>	
	<type name="ExpansionAnWheelSmall">
        <nominal>0</nominal>
        <lifetime>2700</lifetime>
        <restock>0</restock>
        <min>0</min>
        <quantmin>-1</quantmin>
        <quantmax>-1</quantmax>
        <cost>100</cost>
        <flags count_in_cargo="0" count_in_hoarder="0" count_in_map="1" count_in_player="0" crafted="0" deloot="0"/>
        <category name="tools"/>
        <tag name="floor"/>
        <usage name="Industrial"/>
    </type>	
	<type name="ExpansionBusWheel">
        <nominal>5</nominal>
        <lifetime>2700</lifetime>
        <restock>0</restock>
        <min>2</min>
        <quantmin>-1</quantmin>
        <quantmax>-1</quantmax>
        <cost>100</cost>
        <flags count_in_cargo="0" count_in_hoarder="0" count_in_map="1" count_in_player="0" crafted="0" deloot="0"/>
        <category name="tools"/>
        <tag name="floor"/>
        <usage name="Industrial"/>
    </type>	
	<type name="ExpansionBusWheelDouble">
        <nominal>5</nominal>
        <lifetime>2700</lifetime>
        <restock>0</restock>
        <min>2</min>
        <quantmin>-1</quantmin>
        <quantmax>-1</quantmax>
        <cost>100</cost>
        <flags count_in_cargo="0" count_in_hoarder="0" count_in_map="1" count_in_player="0" crafted="0" deloot="0"/>
        <category name="tools"/>
        <tag name="floor"/>
        <usage name="Industrial"/>
    </type>	
	<type name="ExpansionUAZWheel">
        <nominal>25</nominal>
        <lifetime>2700</lifetime>
        <restock>0</restock>
        <min>10</min>
        <quantmin>-1</quantmin>
        <quantmax>-1</quantmax>
        <cost>100</cost>
        <flags count_in_cargo="0" count_in_hoarder="0" count_in_map="1" count_in_player="0" crafted="0" deloot="0"/>
        <category name="vehiclesparts"/>
        <tag name="floor"/>
        <usage name="Industrial"/>
    </type>
	<type name="ExpansionTractorFrontWheel">
        <nominal>15</nominal>
        <lifetime>2700</lifetime>
        <restock>0</restock>
        <min>8</min>
        <quantmin>-1</quantmin>
        <quantmax>-1</quantmax>
        <cost>100</cost>
        <flags count_in_cargo="0" count_in_hoarder="0" count_in_map="1" count_in_player="0" crafted="0" deloot="0"/>
        <category name="tools"/>
        <tag name="floor"/>
        <usage name="Farm"/>
    </type>	
	<type name="ExpansionTractorBackWheel">
        <nominal>15</nominal>
        <lifetime>2700</lifetime>
        <restock>0</restock>
        <min>8</min>
        <quantmin>-1</quantmin>
        <quantmax>-1</quantmax>
        <cost>100</cost>
        <flags count_in_cargo="0" count_in_hoarder="0" count_in_map="1" count_in_player="0" crafted="0" deloot="0"/>
        <category name="tools"/>
        <tag name="floor"/>
        <usage name="Farm"/>
    </type>
	<type name="ExpansionTractorDoorsDriver">
        <nominal>10</nominal>
        <lifetime>2700</lifetime>
        <restock>0</restock>
        <min>5</min>
        <quantmin>-1</quantmin>
        <quantmax>-1</quantmax>
        <cost>100</cost>
        <flags count_in_cargo="0" count_in_hoarder="0" count_in_map="1" count_in_player="0" crafted="0" deloot="0"/>
        <category name="tools"/>
        <tag name="floor"/>
        <usage name="Farm"/>
    </type>	
	<type name="ExpansionTractorDoorsCoDriver">
        <nominal>10</nominal>
        <lifetime>2700</lifetime>
        <restock>0</restock>
        <min>5</min>
        <quantmin>-1</quantmin>
        <quantmax>-1</quantmax>
        <cost>100</cost>
        <flags count_in_cargo="0" count_in_hoarder="0" count_in_map="1" count_in_player="0" crafted="0" deloot="0"/>
        <category name="tools"/>
        <tag name="floor"/>
        <usage name="Farm"/>
    </type>
	<type name="ExpansionVodnikWheel">
        <nominal>25</nominal>
        <lifetime>2700</lifetime>
        <restock>0</restock>
        <min>10</min>
        <quantmin>-1</quantmin>
        <quantmax>-1</quantmax>
        <cost>100</cost>
        <flags count_in_cargo="0" count_in_hoarder="0" count_in_map="1" count_in_player="0" crafted="0" deloot="0"/>
        <category name="vehiclesparts"/>
        <tag name="floor"/>
        <usage name="Industrial"/>
    </type>
	<type name="ExpansionVodnikDoorDriver">
        <nominal>15</nominal>
        <lifetime>2700</lifetime>
        <restock>0</restock>
        <min>5</min>
        <quantmin>-1</quantmin>
        <quantmax>-1</quantmax>
        <cost>100</cost>
        <flags count_in_cargo="0" count_in_hoarder="0" count_in_map="1" count_in_player="0" crafted="0" deloot="0"/>
        <category name="vehiclesparts"/>
        <tag name="floor"/>
        <usage name="Industrial"/>
    </type>
	<type name="ExpansionVodnikDoorCoDriver">
        <nominal>15</nominal>
        <lifetime>2700</lifetime>
        <restock>0</restock>
        <min>5</min>
        <quantmin>-1</quantmin>
        <quantmax>-1</quantmax>
        <cost>100</cost>
        <flags count_in_cargo="0" count_in_hoarder="0" count_in_map="1" count_in_player="0" crafted="0" deloot="0"/>
        <category name="vehiclesparts"/>
        <tag name="floor"/>
        <usage name="Industrial"/>
    </type>
	<type name="ExpansionUAZDoorDriver">
        <nominal>15</nominal>
        <lifetime>2700</lifetime>
        <restock>0</restock>
        <min>5</min>
        <quantmin>-1</quantmin>
        <quantmax>-1</quantmax>
        <cost>100</cost>
        <flags count_in_cargo="0" count_in_hoarder="0" count_in_map="1" count_in_player="0" crafted="0" deloot="0"/>
        <category name="vehiclesparts"/>
        <tag name="floor"/>
        <usage name="Industrial"/>
    </type>
	<type name="ExpansionUAZDoorCoDriver">
        <nominal>15</nominal>
        <lifetime>2700</lifetime>
        <restock>0</restock>
        <min>5</min>
        <quantmin>-1</quantmin>
        <quantmax>-1</quantmax>
        <cost>100</cost>
        <flags count_in_cargo="0" count_in_hoarder="0" count_in_map="1" count_in_player="0" crafted="0" deloot="0"/>
        <category name="vehiclesparts"/>
        <tag name="floor"/>
        <usage name="Industrial"/>
    </type>
	<type name="ExpansionUAZDoorCargo1">
        <nominal>15</nominal>
        <lifetime>2700</lifetime>
        <restock>0</restock>
        <min>5</min>
        <quantmin>-1</quantmin>
        <quantmax>-1</quantmax>
        <cost>100</cost>
        <flags count_in_cargo="0" count_in_hoarder="0" count_in_map="1" count_in_player="0" crafted="0" deloot="0"/>
        <category name="vehiclesparts"/>
        <tag name="floor"/>
        <usage name="Industrial"/>
    </type>
	<type name="ExpansionUAZDoorCargo2">
        <nominal>15</nominal>
        <lifetime>2700</lifetime>
        <restock>0</restock>
        <min>5</min>
        <quantmin>-1</quantmin>
        <quantmax>-1</quantmax>
        <cost>100</cost>
        <flags count_in_cargo="0" count_in_hoarder="0" count_in_map="1" count_in_player="0" crafted="0" deloot="0"/>
        <category name="vehiclesparts"/>
        <tag name="floor"/>
        <usage name="Industrial"/>
    </type>
	<type name="ExpansionUh1hDoor_1_1">
        <nominal>5</nominal>
        <lifetime>2700</lifetime>
        <restock>0</restock>
        <min>0</min>
        <quantmin>-1</quantmin>
        <quantmax>-1</quantmax>
        <cost>100</cost>
        <flags count_in_cargo="0" count_in_hoarder="0" count_in_map="1" count_in_player="0" crafted="0" deloot="0"/>
        <category name="vehiclesparts"/>
        <tag name="floor"/>
        <usage name="Industrial"/>
    </type>
	<type name="ExpansionUh1hDoor_1_2">
        <nominal>5</nominal>
        <lifetime>2700</lifetime>
        <restock>0</restock>
        <min>0</min>
        <quantmin>-1</quantmin>
        <quantmax>-1</quantmax>
        <cost>100</cost>
        <flags count_in_cargo="0" count_in_hoarder="0" count_in_map="1" count_in_player="0" crafted="0" deloot="0"/>
        <category name="vehiclesparts"/>
        <tag name="floor"/>
        <usage name="Industrial"/>
    </type>
	<type name="Expansion_Mh6_Door_1_1">
        <nominal>5</nominal>
        <lifetime>2700</lifetime>
        <restock>0</restock>
        <min>0</min>
        <quantmin>-1</quantmin>
        <quantmax>-1</quantmax>
        <cost>100</cost>
        <flags count_in_cargo="0" count_in_hoarder="0" count_in_map="1" count_in_player="0" crafted="0" deloot="0"/>
        <category name="vehiclesparts"/>
        <tag name="floor"/>
        <usage name="Industrial"/>
    </type>
	<type name="Expansion_Mh6_Door_1_2">
        <nominal>5</nominal>
        <lifetime>2700</lifetime>
        <restock>0</restock>
        <min>0</min>
        <quantmin>-1</quantmin>
        <quantmax>-1</quantmax>
        <cost>100</cost>
        <flags count_in_cargo="0" count_in_hoarder="0" count_in_map="1" count_in_player="0" crafted="0" deloot="0"/>
        <category name="vehiclesparts"/>
        <tag name="floor"/>
        <usage name="Industrial"/>
    </type>
	<type name="Expansion_Mh6_Door_2_1">
        <nominal>5</nominal>
        <lifetime>2700</lifetime>
        <restock>0</restock>
        <min>0</min>
        <quantmin>-1</quantmin>
        <quantmax>-1</quantmax>
        <cost>100</cost>
        <flags count_in_cargo="0" count_in_hoarder="0" count_in_map="1" count_in_player="0" crafted="0" deloot="0"/>
        <category name="vehiclesparts"/>
        <tag name="floor"/>
        <usage name="Industrial"/>
    </type>
	<type name="Expansion_Mh6_Door_2_2">
        <nominal>5</nominal>
        <lifetime>2700</lifetime>
        <restock>0</restock>
        <min>0</min>
        <quantmin>-1</quantmin>
        <quantmax>-1</quantmax>
        <cost>100</cost>
        <flags count_in_cargo="0" count_in_hoarder="0" count_in_map="1" count_in_player="0" crafted="0" deloot="0"/>
        <category name="vehiclesparts"/>
        <tag name="floor"/>
        <usage name="Industrial"/>
    </type>
	<!-- OPTICS -->
	<type name="ExpansionDeltapointOptic">
        <nominal>10</nominal>
        <lifetime>10800</lifetime>
        <restock>1800</restock>
        <min>7</min>
        <quantmin>-1</quantmin>
        <quantmax>-1</quantmax>
        <cost>100</cost>
        <flags count_in_cargo="0" count_in_hoarder="0" count_in_map="1" count_in_player="0" crafted="0" deloot="0"/>
        <category name="weapons"/>
        <usage name="Military"/>
		<value name="Tier3"/>
        <value name="Tier4"/>
    </type>
	<type name="ExpansionEXPS3HoloOptic">
        <nominal>10</nominal>
        <lifetime>10800</lifetime>
        <restock>1800</restock>
        <min>7</min>
        <quantmin>-1</quantmin>
        <quantmax>-1</quantmax>
        <cost>100</cost>
        <flags count_in_cargo="0" count_in_hoarder="0" count_in_map="1" count_in_player="0" crafted="0" deloot="0"/>
        <category name="weapons"/>
        <usage name="Military"/>
		<value name="Tier3"/>
        <value name="Tier4"/>
    </type>
	<type name="ExpansionHAMROptic">
        <nominal>10</nominal>
        <lifetime>10800</lifetime>
        <restock>1800</restock>
        <min>7</min>
        <quantmin>-1</quantmin>
        <quantmax>-1</quantmax>
        <cost>100</cost>
        <flags count_in_cargo="0" count_in_hoarder="0" count_in_map="1" count_in_player="0" crafted="0" deloot="0"/>
        <category name="weapons"/>
        <usage name="Military"/>
		<value name="Tier3"/>
        <value name="Tier4"/>
    </type>
	<type name="Expansion_PMII25Optic">
        <nominal>10</nominal>
        <lifetime>10800</lifetime>
        <restock>1800</restock>
        <min>7</min>
        <quantmin>-1</quantmin>
        <quantmax>-1</quantmax>
        <cost>100</cost>
        <flags count_in_cargo="0" count_in_hoarder="0" count_in_map="1" count_in_player="0" crafted="0" deloot="0"/>
        <category name="weapons"/>
        <usage name="Military"/>
		<value name="Tier3"/>
        <value name="Tier4"/>
    </type>
	<type name="ExpansionReflexMRSOptic">
        <nominal>20</nominal>
        <lifetime>14400</lifetime>
        <restock>0</restock>
        <min>10</min>
        <quantmin>-1</quantmin>
        <quantmax>-1</quantmax>
        <cost>100</cost>
        <flags count_in_cargo="0" count_in_hoarder="0" count_in_map="1" count_in_player="0" crafted="0" deloot="0"/>
        <category name="weapons"/>
        <usage name="Military"/>
        <value name="Tier1"/>
        <value name="Tier2"/>
        <value name="Tier3"/>
    </type>
	<!-- MISC ATTACHEMENTS -->
    <type name="Expansion_M1A_RailAtt">
        <nominal>7</nominal>
        <lifetime>10800</lifetime>
        <restock>800</restock>
        <min>4</min>
        <quantmin>-1</quantmin>
        <quantmax>-1</quantmax>
        <cost>100</cost>
        <flags count_in_cargo="0" count_in_hoarder="0" count_in_map="1" count_in_player="0" crafted="0" deloot="0"/>
        <category name="weapons"/>
        <usage name="Military"/>
        <value name="Tier2"/>
        <value name="Tier3"/>
        <value name="Tier4"/>
    </type>
	<!-- EXPLOSIVES -->
	<type name="ExpansionSatchel">
        <nominal>10</nominal>
        <lifetime>10800</lifetime>
        <restock>1800</restock>
        <min>2</min>
        <quantmin>-1</quantmin>
        <quantmax>-1</quantmax>
        <cost>100</cost>
        <flags count_in_cargo="1" count_in_hoarder="1" count_in_map="1" count_in_player="1" crafted="0" deloot="0"/>
        <category name="weapons"/>
        <usage name="Military"/>
        <value name="Tier3"/>
        <value name="Tier4"/>
    </type>
	<!-- CROSSBOWS -->
    <type name="Expansion_Crossbow">
        <nominal>40</nominal>
        <lifetime>7200</lifetime>
        <restock>0</restock>
        <min>25</min>
        <quantmin>-1</quantmin>
        <quantmax>-1</quantmax>
        <cost>100</cost>
        <flags count_in_cargo="0" count_in_hoarder="0" count_in_map="1" count_in_player="0" crafted="0" deloot="0"/>
        <category name="weapons"/>
        <usage name="Farm"/>
        <usage name="Village"/>
        <value name="Tier1"/>
        <value name="Tier2"/>
    </type>
	<!-- LAUNCHERS -->
	<type name="ExpansionRPG7">
        <nominal>5</nominal>
        <lifetime>10800</lifetime>
        <restock>1800</restock>
        <min>2</min>
        <quantmin>-1</quantmin>
        <quantmax>-1</quantmax>
        <cost>100</cost>
        <flags count_in_cargo="0" count_in_hoarder="0" count_in_map="1" count_in_player="0" crafted="0" deloot="0"/>
        <category name="weapons"/>
        <usage name="Military"/>
        <value name="Tier3"/>
        <value name="Tier4"/>
    </type>
	<type name="ExpansionLAW">
        <nominal>5</nominal>
        <lifetime>10800</lifetime>
        <restock>1800</restock>
        <min>2</min>
        <quantmin>-1</quantmin>
        <quantmax>-1</quantmax>
        <cost>100</cost>
        <flags count_in_cargo="0" count_in_hoarder="0" count_in_map="1" count_in_player="0" crafted="0" deloot="0"/>
        <category name="weapons"/>
        <usage name="Military"/>
        <value name="Tier3"/>
        <value name="Tier4"/>
    </type>
	<type name="Expansion_M79">
        <nominal>10</nominal>
        <lifetime>10800</lifetime>
        <restock>1800</restock>
        <min>7</min>
        <quantmin>-1</quantmin>
        <quantmax>-1</quantmax>
        <cost>100</cost>
        <flags count_in_cargo="0" count_in_hoarder="0" count_in_map="1" count_in_player="0" crafted="0" deloot="0"/>
        <category name="weapons"/>
        <usage name="Military"/>
        <value name="Tier3"/>
        <value name="Tier4"/>
    </type>
	<type name="ExpansionFlaregun">
        <nominal>10</nominal>
        <lifetime>10800</lifetime>
        <restock>1800</restock>
        <min>7</min>
        <quantmin>-1</quantmin>
        <quantmax>-1</quantmax>
        <cost>100</cost>
        <flags count_in_cargo="0" count_in_hoarder="0" count_in_map="1" count_in_player="0" crafted="0" deloot="0"/>
        <category name="weapons"/>
        <usage name="Military"/>
        <value name="Tier3"/>
        <value name="Tier4"/>
    </type>
	<!-- PISTOLS -->
	<type name="Expansion_M9">
        <nominal>20</nominal>
        <lifetime>10800</lifetime>
        <restock>1800</restock>
        <min>15</min>
        <quantmin>-1</quantmin>
        <quantmax>-1</quantmax>
        <cost>100</cost>
        <flags count_in_cargo="0" count_in_hoarder="0" count_in_map="1" count_in_player="0" crafted="0" deloot="0"/>
        <category name="weapons"/>
        <usage name="Military"/>
        <value name="Tier1"/>
        <value name="Tier2"/>
    </type>
	<!-- SUBMACHINE GUNS -->
	<type name="Expansion_G36">
        <nominal>20</nominal>
        <lifetime>10800</lifetime>
        <restock>0</restock>
        <min>15</min>
        <quantmin>-1</quantmin>
        <quantmax>-1</quantmax>
        <cost>100</cost>
        <flags count_in_cargo="1" count_in_hoarder="1" count_in_map="1" count_in_player="0" crafted="0" deloot="0"/>
        <category name="weapons"/>
        <usage name="Military"/>
        <value name="Tier2"/>
        <value name="Tier3"/>
    </type>
	<type name="Expansion_MPX">
        <nominal>20</nominal>
        <lifetime>10800</lifetime>
        <restock>0</restock>
        <min>15</min>
        <quantmin>-1</quantmin>
        <quantmax>-1</quantmax>
        <cost>100</cost>
        <flags count_in_cargo="1" count_in_hoarder="1" count_in_map="1" count_in_player="0" crafted="0" deloot="0"/>
        <category name="weapons"/>
        <usage name="Military"/>
        <value name="Tier2"/>
        <value name="Tier3"/>
    </type>
	<type name="Expansion_MP5">
        <nominal>20</nominal>
        <lifetime>10800</lifetime>
        <restock>0</restock>
        <min>15</min>
        <quantmin>-1</quantmin>
        <quantmax>-1</quantmax>
        <cost>100</cost>
        <flags count_in_cargo="1" count_in_hoarder="1" count_in_map="1" count_in_player="0" crafted="0" deloot="0"/>
        <category name="weapons"/>
        <usage name="Military"/>
        <value name="Tier3"/>
        <value name="Tier4"/>
    </type>
	<type name="Expansion_MP7">
        <nominal>20</nominal>
        <lifetime>10800</lifetime>
        <restock>0</restock>
        <min>15</min>
        <quantmin>-1</quantmin>
        <quantmax>-1</quantmax>
        <cost>100</cost>
        <flags count_in_cargo="1" count_in_hoarder="1" count_in_map="1" count_in_player="0" crafted="0" deloot="0"/>
        <category name="weapons"/>
        <usage name="Military"/>
        <value name="Tier3"/>
        <value name="Tier4"/>
    </type>
	<type name="Expansion_Kedr">
        <nominal>20</nominal>
        <lifetime>10800</lifetime>
        <restock>0</restock>
        <min>15</min>
        <quantmin>-1</quantmin>
        <quantmax>-1</quantmax>
        <cost>100</cost>
        <flags count_in_cargo="1" count_in_hoarder="1" count_in_map="1" count_in_player="0" crafted="0" deloot="0"/>
        <category name="weapons"/>
        <usage name="Military"/>
        <value name="Tier2"/>
        <value name="Tier3"/>
    </type>
	<!-- ASSAULT RIFLES -->
	<type name="Expansion_M16">
        <nominal>10</nominal>
        <lifetime>10800</lifetime>
        <restock>1800</restock>
        <min>7</min>
        <quantmin>-1</quantmin>
        <quantmax>-1</quantmax>
        <cost>100</cost>
        <flags count_in_cargo="1" count_in_hoarder="1" count_in_map="1" count_in_player="0" crafted="0" deloot="0"/>
        <category name="weapons"/>
        <usage name="Military"/>
        <value name="Tier3"/>
        <value name="Tier4"/>
    </type>
    <type name="Expansion_M1A">
        <nominal>15</nominal>
        <lifetime>10800</lifetime>
        <restock>800</restock>
        <min>10</min>
        <quantmin>-1</quantmin>
        <quantmax>-1</quantmax>
        <cost>100</cost>
        <flags count_in_cargo="0" count_in_hoarder="0" count_in_map="1" count_in_player="0" crafted="0" deloot="0"/>
        <category name="weapons"/>
        <usage name="Military"/>
    </type>
	<!-- RIFLES -->
	<type name="Expansion_DT11">
        <nominal>15</nominal>
        <lifetime>7200</lifetime>
        <restock>0</restock>
        <min>5</min>
        <quantmin>-1</quantmin>
        <quantmax>-1</quantmax>
        <cost>100</cost>
        <flags count_in_cargo="0" count_in_hoarder="0" count_in_map="1" count_in_player="0" crafted="0" deloot="0"/>
        <category name="weapons"/>
        <usage name="Hunting"/>
        <value name="Tier2"/>
        <value name="Tier3"/>
        <value name="Tier4"/>
    </type>
	<!-- SHOTGUNS -->
	<type name="Expansion_BenelliM4">
        <nominal>10</nominal>
        <lifetime>10800</lifetime>
        <restock>1800</restock>
        <min>7</min>
        <quantmin>-1</quantmin>
        <quantmax>-1</quantmax>
        <cost>100</cost>
        <flags count_in_cargo="1" count_in_hoarder="1" count_in_map="1" count_in_player="0" crafted="0" deloot="0"/>
        <category name="weapons"/>
        <usage name="Military"/>
        <value name="Tier3"/>
        <value name="Tier4"/>
	</type>
	<!-- SNIPER RIFLES -->
    <type name="Expansion_AWM">
        <nominal>4</nominal>
        <lifetime>7200</lifetime>
        <restock>14400</restock>
        <min>2</min>
        <quantmin>-1</quantmin>
        <quantmax>-1</quantmax>
        <cost>100</cost>
        <flags count_in_cargo="1" count_in_hoarder="1" count_in_map="1" count_in_player="1" crafted="0" deloot="1"/>
        <category name="weapons"/>
        <usage name="Military"/>
        <value name="Tier4"/>
    </type>
	<!-- AMMOBOXES -->
	<type name="AmmoBox_Expansion_46x30_25rnd">
        <nominal>10</nominal>
        <lifetime>10800</lifetime>
        <restock>0</restock>
        <min>5</min>
        <quantmin>-1</quantmin>
        <quantmax>-1</quantmax>
        <cost>100</cost>
        <flags count_in_cargo="0" count_in_hoarder="0" count_in_map="1" count_in_player="0" crafted="0" deloot="0"/>
        <category name="weapons"/>
        <tag name="shelves"/>
        <usage name="Military"/>
        <value name="Tier3"/>
        <value name="Tier4"/>
    </type>
	<type name="AmmoBox_Expansion_338_15rnd">
        <nominal>10</nominal>
        <lifetime>10800</lifetime>
        <restock>0</restock>
        <min>5</min>
        <quantmin>-1</quantmin>
        <quantmax>-1</quantmax>
        <cost>100</cost>
        <flags count_in_cargo="0" count_in_hoarder="0" count_in_map="1" count_in_player="0" crafted="0" deloot="0"/>
        <category name="weapons"/>
        <tag name="shelves"/>
        <usage name="Military"/>
        <value name="Tier3"/>
        <value name="Tier4"/>
    </type>
	<!-- AMMO -->
	<type name="ExpansionAmmoRPG">
        <nominal>10</nominal>
        <lifetime>10800</lifetime>
        <restock>1800</restock>
        <min>5</min>
        <quantmin>100</quantmin>
        <quantmax>100</quantmax>
        <cost>100</cost>
        <flags count_in_cargo="1" count_in_hoarder="1" count_in_map="1" count_in_player="1" crafted="0" deloot="0"/>
        <category name="weapons"/>
        <usage name="Military"/>
        <value name="Tier3"/>
        <value name="Tier4"/>
    </type>
	<type name="ExpansionAmmoLAW">
        <nominal>10</nominal>
        <lifetime>10800</lifetime>
        <restock>1800</restock>
        <min>5</min>
        <quantmin>100</quantmin>
        <quantmax>100</quantmax>
        <cost>100</cost>
        <flags count_in_cargo="1" count_in_hoarder="1" count_in_map="1" count_in_player="1" crafted="0" deloot="0"/>
        <category name="weapons"/>
        <usage name="Military"/>
        <value name="Tier3"/>
        <value name="Tier4"/>
    </type>
	<type name="ExpansionAmmoFlare">
        <nominal>10</nominal>
        <lifetime>10800</lifetime>
        <restock>1800</restock>
        <min>4</min>
        <quantmin>100</quantmin>
        <quantmax>100</quantmax>
        <cost>100</cost>
        <flags count_in_cargo="0" count_in_hoarder="0" count_in_map="1" count_in_player="0" crafted="0" deloot="0"/>
        <category name="weapons"/>
        <usage name="Military"/>
		<value name="Tier4"/>
    </type>
	<type name="ExpansionAmmoFlareLight">
        <nominal>0</nominal>
        <lifetime>10800</lifetime>
        <restock>1800</restock>
        <min>0</min>
        <quantmin>100</quantmin>
        <quantmax>100</quantmax>
        <cost>100</cost>
        <flags count_in_cargo="0" count_in_hoarder="0" count_in_map="1" count_in_player="0" crafted="0" deloot="0"/>
        <category name="weapons"/>
        <usage name="Military"/>
    </type>
	<type name="Ammo_Expansion_M203_Smoke_White">
        <nominal>10</nominal>
        <lifetime>7200</lifetime>
        <restock>0</restock>
        <min>5</min>
        <quantmin>25</quantmin>
        <quantmax>100</quantmax>
        <cost>100</cost>
        <flags count_in_cargo="0" count_in_hoarder="0" count_in_map="1" count_in_player="0" crafted="0" deloot="0"/>
        <category name="weapons"/>
        <usage name="Military"/>
        <usage name="Police"/>
    </type>
	<type name="Ammo_Expansion_M203_Smoke_Red">
        <nominal>10</nominal>
        <lifetime>7200</lifetime>
        <restock>0</restock>
        <min>5</min>
        <quantmin>25</quantmin>
        <quantmax>100</quantmax>
        <cost>100</cost>
        <flags count_in_cargo="0" count_in_hoarder="0" count_in_map="1" count_in_player="0" crafted="0" deloot="0"/>
        <category name="weapons"/>
        <usage name="Military"/>
        <usage name="Police"/>
    </type>
	<type name="Ammo_Expansion_M203_Smoke_Green">
        <nominal>10</nominal>
        <lifetime>7200</lifetime>
        <restock>0</restock>
        <min>5</min>
        <quantmin>25</quantmin>
        <quantmax>100</quantmax>
        <cost>100</cost>
        <flags count_in_cargo="0" count_in_hoarder="0" count_in_map="1" count_in_player="0" crafted="0" deloot="0"/>
        <category name="weapons"/>
        <usage name="Military"/>
        <usage name="Police"/>
    </type>
	<type name="Ammo_Expansion_M203_Smoke_Yellow">
        <nominal>10</nominal>
        <lifetime>7200</lifetime>
        <restock>0</restock>
        <min>5</min>
        <quantmin>25</quantmin>
        <quantmax>100</quantmax>
        <cost>100</cost>
        <flags count_in_cargo="0" count_in_hoarder="0" count_in_map="1" count_in_player="0" crafted="0" deloot="0"/>
        <category name="weapons"/>
        <usage name="Military"/>
        <usage name="Police"/>
    </type>
	<type name="Ammo_Expansion_M203_Smoke_Purple">
        <nominal>10</nominal>
        <lifetime>7200</lifetime>
        <restock>0</restock>
        <min>5</min>
        <quantmin>25</quantmin>
        <quantmax>100</quantmax>
        <cost>100</cost>
        <flags count_in_cargo="0" count_in_hoarder="0" count_in_map="1" count_in_player="0" crafted="0" deloot="0"/>
        <category name="weapons"/>
        <usage name="Military"/>
        <usage name="Police"/>
    </type>
	<type name="Ammo_Expansion_M203_Smoke_Teargas">
        <nominal>10</nominal>
        <lifetime>7200</lifetime>
        <restock>0</restock>
        <min>5</min>
        <quantmin>25</quantmin>
        <quantmax>100</quantmax>
        <cost>100</cost>
        <flags count_in_cargo="0" count_in_hoarder="0" count_in_map="1" count_in_player="0" crafted="0" deloot="0"/>
        <category name="weapons"/>
        <usage name="Military"/>
        <usage name="Police"/>
    </type>
	<type name="Ammo_Expansion_M203_Sticky_Smoke_White">
        <nominal>10</nominal>
        <lifetime>7200</lifetime>
        <restock>0</restock>
        <min>5</min>
        <quantmin>25</quantmin>
        <quantmax>100</quantmax>
        <cost>100</cost>
        <flags count_in_cargo="0" count_in_hoarder="0" count_in_map="1" count_in_player="0" crafted="0" deloot="0"/>
        <category name="weapons"/>
        <usage name="Military"/>
        <usage name="Police"/>
    </type>
	<type name="Ammo_Expansion_M203_Sticky_Smoke_Red">
        <nominal>10</nominal>
        <lifetime>7200</lifetime>
        <restock>0</restock>
        <min>5</min>
        <quantmin>25</quantmin>
        <quantmax>100</quantmax>
        <cost>100</cost>
        <flags count_in_cargo="0" count_in_hoarder="0" count_in_map="1" count_in_player="0" crafted="0" deloot="0"/>
        <category name="weapons"/>
        <usage name="Military"/>
        <usage name="Police"/>
    </type>
	<type name="Ammo_Expansion_M203_Sticky_Smoke_Green">
        <nominal>10</nominal>
        <lifetime>7200</lifetime>
        <restock>0</restock>
        <min>5</min>
        <quantmin>25</quantmin>
        <quantmax>100</quantmax>
        <cost>100</cost>
        <flags count_in_cargo="0" count_in_hoarder="0" count_in_map="1" count_in_player="0" crafted="0" deloot="0"/>
        <category name="weapons"/>
        <usage name="Military"/>
        <usage name="Police"/>
    </type>
	<type name="Ammo_Expansion_M203_Sticky_Smoke_Yellow">
        <nominal>10</nominal>
        <lifetime>7200</lifetime>
        <restock>0</restock>
        <min>5</min>
        <quantmin>25</quantmin>
        <quantmax>100</quantmax>
        <cost>100</cost>
        <flags count_in_cargo="0" count_in_hoarder="0" count_in_map="1" count_in_player="0" crafted="0" deloot="0"/>
        <category name="weapons"/>
        <usage name="Military"/>
        <usage name="Police"/>
    </type>
	<type name="Ammo_Expansion_M203_Sticky_Smoke_Purple">
        <nominal>10</nominal>
        <lifetime>7200</lifetime>
        <restock>0</restock>
        <min>5</min>
        <quantmin>25</quantmin>
        <quantmax>100</quantmax>
        <cost>100</cost>
        <flags count_in_cargo="0" count_in_hoarder="0" count_in_map="1" count_in_player="0" crafted="0" deloot="0"/>
        <category name="weapons"/>
        <usage name="Military"/>
        <usage name="Police"/>
    </type>
	<type name="Ammo_Expansion_M203_Sticky_Smoke_Teargas">
        <nominal>10</nominal>
        <lifetime>7200</lifetime>
        <restock>0</restock>
        <min>5</min>
        <quantmin>25</quantmin>
        <quantmax>100</quantmax>
        <cost>100</cost>
        <flags count_in_cargo="0" count_in_hoarder="0" count_in_map="1" count_in_player="0" crafted="0" deloot="0"/>
        <category name="weapons"/>
        <usage name="Military"/>
        <usage name="Police"/>
    </type>
	<type name="Ammo_Expansion_M203_HE">
        <nominal>10</nominal>
        <lifetime>7200</lifetime>
        <restock>0</restock>
        <min>5</min>
        <quantmin>100</quantmin>
        <quantmax>100</quantmax>
        <cost>100</cost>
        <flags count_in_cargo="0" count_in_hoarder="0" count_in_map="1" count_in_player="0" crafted="0" deloot="0"/>
        <category name="weapons"/>
        <usage name="Military"/>
    </type>
    <type name="Ammo_Expansion_46x30">
        <nominal>20</nominal>
        <lifetime>10800</lifetime>
        <restock>0</restock>
        <min>12</min>
        <quantmin>25</quantmin>
        <quantmax>80</quantmax>
        <cost>100</cost>
        <flags count_in_cargo="0" count_in_hoarder="0" count_in_map="1" count_in_player="0" crafted="0" deloot="0"/>
        <category name="weapons"/>
        <usage name="Military"/>
    </type>
    <type name="Ammo_Expansion_338">
        <nominal>20</nominal>
        <lifetime>10800</lifetime>
        <restock>0</restock>
        <min>12</min>
        <quantmin>20</quantmin>
        <quantmax>80</quantmax>
        <cost>100</cost>
        <flags count_in_cargo="0" count_in_hoarder="0" count_in_map="1" count_in_player="0" crafted="0" deloot="0"/>
        <category name="weapons"/>
        <usage name="Military"/>
    </type>
    <type name="Expansion_Ammo_ArrowBolt">
        <nominal>25</nominal>
        <lifetime>10800</lifetime>
        <restock>0</restock>
        <min>15</min>
        <quantmin>20</quantmin>
        <quantmax>80</quantmax>
        <cost>100</cost>
        <flags count_in_cargo="0" count_in_hoarder="0" count_in_map="1" count_in_player="0" crafted="0" deloot="0"/>
        <category name="weapons"/>
        <usage name="Farm"/>
        <usage name="Village"/>
        <value name="Tier1"/>
        <value name="Tier2"/>
    </type>
	<!-- MAGAZINES -->
    <type name="Mag_Expansion_M14_20Rnd">
        <nominal>8</nominal>
        <lifetime>10800</lifetime>
        <restock>800</restock>
        <min>4</min>
        <quantmin>0</quantmin>
        <quantmax>100</quantmax>
        <cost>100</cost>
        <flags count_in_cargo="0" count_in_hoarder="0" count_in_map="1" count_in_player="0" crafted="0" deloot="0"/>
        <category name="weapons"/>
        <usage name="Military"/>
        <value name="Tier2"/>
        <value name="Tier3"/>
        <value name="Tier4"/>
    </type>
    <type name="Mag_Expansion_M14_10Rnd">
        <nominal>12</nominal>
        <lifetime>10800</lifetime>
        <restock>800</restock>
        <min>8</min>
        <quantmin>0</quantmin>
        <quantmax>100</quantmax>
        <cost>100</cost>
        <flags count_in_cargo="0" count_in_hoarder="0" count_in_map="1" count_in_player="0" crafted="0" deloot="0"/>
        <category name="weapons"/>
        <usage name="Military"/>
        <usage name="Town"/>
        <value name="Tier2"/>
        <value name="Tier3"/>
        <value name="Tier1"/>
    </type>
    <type name="Mag_Expansion_M9_15Rnd">
        <nominal>30</nominal>
        <lifetime>7200</lifetime>
        <restock>1800</restock>
        <min>20</min>
        <quantmin>20</quantmin>
        <quantmax>90</quantmax>
        <cost>100</cost>
        <flags count_in_cargo="0" count_in_hoarder="0" count_in_map="1" count_in_player="0" crafted="0" deloot="0"/>
        <category name="weapons"/>
        <tag name="shelves"/>
        <usage name="Police"/>
    </type>
	<type name="Mag_Expansion_MPX_50Rnd">
	    <nominal>30</nominal>
        <lifetime>10800</lifetime>
        <restock>1800</restock>
        <min>20</min>
        <quantmin>8</quantmin>
        <quantmax>50</quantmax>
        <cost>100</cost>
        <flags count_in_cargo="0" count_in_hoarder="0" count_in_map="1" count_in_player="0" crafted="0" deloot="0"/>
        <category name="weapons"/>
        <usage name="Military"/>
        <value name="Tier1"/>
        <value name="Tier2"/>
	</type>
	<type name="Mag_Expansion_G36_30Rnd">
        <nominal>20</nominal>
        <lifetime>10800</lifetime>
        <restock>0</restock>
        <min>15</min>
        <quantmin>20</quantmin>
        <quantmax>100</quantmax>
        <cost>100</cost>
        <flags count_in_cargo="0" count_in_hoarder="0" count_in_map="1" count_in_player="0" crafted="0" deloot="0"/>
        <category name="weapons"/>
        <usage name="Military"/>
        <value name="Tier2"/>
        <value name="Tier3"/>
    </type>
	<type name="Mag_Expansion_Kedr_20Rnd">
	    <nominal>30</nominal>
        <lifetime>10800</lifetime>
        <restock>1800</restock>
        <min>20</min>
        <quantmin>20</quantmin>
        <quantmax>100</quantmax>
        <cost>100</cost>
        <flags count_in_cargo="0" count_in_hoarder="0" count_in_map="1" count_in_player="0" crafted="0" deloot="0"/>
        <category name="weapons"/>
        <usage name="Military"/>
        <value name="Tier1"/>
        <value name="Tier2"/>
	</type>
	<type name="Mag_Expansion_MP7_40Rnd">
	    <nominal>25</nominal>
        <lifetime>10800</lifetime>
        <restock>1800</restock>
        <min>20</min>
        <quantmin>15</quantmin>
        <quantmax>80</quantmax>
        <cost>100</cost>
        <flags count_in_cargo="0" count_in_hoarder="0" count_in_map="1" count_in_player="0" crafted="0" deloot="0"/>
        <category name="weapons"/>
        <usage name="Military"/>
        <value name="Tier3"/>
        <value name="Tier4"/>
	</type>
	<type name="Mag_Expansion_AWM_5Rnd">
	    <nominal>20</nominal>
        <lifetime>10800</lifetime>
        <restock>1800</restock>
        <min>15</min>
        <quantmin>15</quantmin>
        <quantmax>80</quantmax>
        <cost>100</cost>
        <flags count_in_cargo="0" count_in_hoarder="0" count_in_map="1" count_in_player="0" crafted="0" deloot="0"/>
        <category name="weapons"/>
        <usage name="Military"/>
        <value name="Tier4"/>
	</type>
	<!-- CURRENCYS -->
	<type name="ExpansionGoldBar">
        <nominal>0</nominal>
        <lifetime>10800</lifetime>
        <restock>1800</restock>
        <min>0</min>
        <quantmin>10</quantmin>
        <quantmax>30</quantmax>
        <cost>100</cost>
        <flags count_in_cargo="0" count_in_hoarder="0" count_in_map="1" count_in_player="0" crafted="0" deloot="0"/>
		<category name="weapons"/>
		<usage name="Military"/>
		<value name="Tier3"/>
        <value name="Tier4"/>
    </type>
	<type name="ExpansionSilverBar">
        <nominal>0</nominal>
        <lifetime>10800</lifetime>
        <restock>1800</restock>
        <min>0</min>
        <quantmin>10</quantmin>
        <quantmax>30</quantmax>
        <cost>100</cost>
        <flags count_in_cargo="0" count_in_hoarder="0" count_in_map="1" count_in_player="0" crafted="0" deloot="0"/>
		<category name="weapons"/>
		<usage name="Military"/>
		<value name="Tier3"/>
        <value name="Tier4"/>
    </type>
	<!-- ITEM END -->
	<!-- FLAGS -->
	<type name="ExpansionFlagKitAustralia">
        <nominal>0</nominal>
        <lifetime>7200</lifetime>
        <restock>0</restock>
        <min>0</min>
        <quantmin>-1</quantmin>
        <quantmax>-1</quantmax>
        <cost>100</cost>
        <flags count_in_cargo="0" count_in_hoarder="0" count_in_map="1" count_in_player="0" crafted="1" deloot="0"/>
        <category name="tools"/>
    </type>
	<type name="ExpansionFlagKitCanada">
        <nominal>0</nominal>
        <lifetime>7200</lifetime>
        <restock>0</restock>
        <min>0</min>
        <quantmin>-1</quantmin>
        <quantmax>-1</quantmax>
        <cost>100</cost>
        <flags count_in_cargo="0" count_in_hoarder="0" count_in_map="1" count_in_player="0" crafted="1" deloot="0"/>
        <category name="tools"/>
    </type>
	<type name="ExpansionFlagKitChernarus">
        <nominal>0</nominal>
        <lifetime>7200</lifetime>
        <restock>0</restock>
        <min>0</min>
        <quantmin>-1</quantmin>
        <quantmax>-1</quantmax>
        <cost>100</cost>
        <flags count_in_cargo="0" count_in_hoarder="0" count_in_map="1" count_in_player="0" crafted="1" deloot="0"/>
        <category name="tools"/>
    </type>
	<type name="ExpansionFlagKitFrance">
        <nominal>0</nominal>
        <lifetime>7200</lifetime>
        <restock>0</restock>
        <min>0</min>
        <quantmin>-1</quantmin>
        <quantmax>-1</quantmax>
        <cost>100</cost>
        <flags count_in_cargo="0" count_in_hoarder="0" count_in_map="1" count_in_player="0" crafted="1" deloot="0"/>
        <category name="tools"/>
    </type>
	<type name="ExpansionFlagKitGermany">
        <nominal>0</nominal>
        <lifetime>7200</lifetime>
        <restock>0</restock>
        <min>0</min>
        <quantmin>-1</quantmin>
        <quantmax>-1</quantmax>
        <cost>100</cost>
        <flags count_in_cargo="0" count_in_hoarder="0" count_in_map="1" count_in_player="0" crafted="1" deloot="0"/>
        <category name="tools"/>
    </type>
	<type name="ExpansionFlagKitLatvia">
        <nominal>0</nominal>
        <lifetime>7200</lifetime>
        <restock>0</restock>
        <min>0</min>
        <quantmin>-1</quantmin>
        <quantmax>-1</quantmax>
        <cost>100</cost>
        <flags count_in_cargo="0" count_in_hoarder="0" count_in_map="1" count_in_player="0" crafted="1" deloot="0"/>
        <category name="tools"/>
    </type>
	<type name="ExpansionFlagKitLuxembourg">
        <nominal>0</nominal>
        <lifetime>7200</lifetime>
        <restock>0</restock>
        <min>0</min>
        <quantmin>-1</quantmin>
        <quantmax>-1</quantmax>
        <cost>100</cost>
        <flags count_in_cargo="0" count_in_hoarder="0" count_in_map="1" count_in_player="0" crafted="1" deloot="0"/>
        <category name="tools"/>
    </type>
	<type name="ExpansionFlagKitMexico">
        <nominal>0</nominal>
        <lifetime>7200</lifetime>
        <restock>0</restock>
        <min>0</min>
        <quantmin>-1</quantmin>
        <quantmax>-1</quantmax>
        <cost>100</cost>
        <flags count_in_cargo="0" count_in_hoarder="0" count_in_map="1" count_in_player="0" crafted="1" deloot="0"/>
        <category name="tools"/>
    </type>
	<type name="ExpansionFlagKitNetherlands">
        <nominal>0</nominal>
        <lifetime>7200</lifetime>
        <restock>0</restock>
        <min>0</min>
        <quantmin>-1</quantmin>
        <quantmax>-1</quantmax>
        <cost>100</cost>
        <flags count_in_cargo="0" count_in_hoarder="0" count_in_map="1" count_in_player="0" crafted="1" deloot="0"/>
        <category name="tools"/>
    </type>
	<type name="ExpansionFlagKitNewZealand">
        <nominal>0</nominal>
        <lifetime>7200</lifetime>
        <restock>0</restock>
        <min>0</min>
        <quantmin>-1</quantmin>
        <quantmax>-1</quantmax>
        <cost>100</cost>
        <flags count_in_cargo="0" count_in_hoarder="0" count_in_map="1" count_in_player="0" crafted="1" deloot="0"/>
        <category name="tools"/>
    </type>
	<type name="ExpansionFlagKitNewNorway">
        <nominal>0</nominal>
        <lifetime>7200</lifetime>
        <restock>0</restock>
        <min>0</min>
        <quantmin>-1</quantmin>
        <quantmax>-1</quantmax>
        <cost>100</cost>
        <flags count_in_cargo="0" count_in_hoarder="0" count_in_map="1" count_in_player="0" crafted="1" deloot="0"/>
        <category name="tools"/>
    </type>
	<type name="ExpansionFlagKitPoland">
        <nominal>0</nominal>
        <lifetime>7200</lifetime>
        <restock>0</restock>
        <min>0</min>
        <quantmin>-1</quantmin>
        <quantmax>-1</quantmax>
        <cost>100</cost>
        <flags count_in_cargo="0" count_in_hoarder="0" count_in_map="1" count_in_player="0" crafted="1" deloot="0"/>
        <category name="tools"/>
    </type>
	<type name="ExpansionFlagKitRussia">
        <nominal>0</nominal>
        <lifetime>7200</lifetime>
        <restock>0</restock>
        <min>0</min>
        <quantmin>-1</quantmin>
        <quantmax>-1</quantmax>
        <cost>100</cost>
        <flags count_in_cargo="0" count_in_hoarder="0" count_in_map="1" count_in_player="0" crafted="1" deloot="0"/>
        <category name="tools"/>
    </type>
	<type name="ExpansionFlagKitUK">
        <nominal>0</nominal>
        <lifetime>7200</lifetime>
        <restock>0</restock>
        <min>0</min>
        <quantmin>-1</quantmin>
        <quantmax>-1</quantmax>
        <cost>100</cost>
        <flags count_in_cargo="0" count_in_hoarder="0" count_in_map="1" count_in_player="0" crafted="1" deloot="0"/>
        <category name="tools"/>
    </type>
	<type name="ExpansionFlagKitUSA">
        <nominal>0</nominal>
        <lifetime>7200</lifetime>
        <restock>0</restock>
        <min>0</min>
        <quantmin>-1</quantmin>
        <quantmax>-1</quantmax>
        <cost>100</cost>
        <flags count_in_cargo="0" count_in_hoarder="0" count_in_map="1" count_in_player="0" crafted="1" deloot="0"/>
        <category name="tools"/>
    </type>
	<type name="ExpansionFlagKitExpansion">
        <nominal>0</nominal>
        <lifetime>7200</lifetime>
        <restock>0</restock>
        <min>0</min>
        <quantmin>-1</quantmin>
        <quantmax>-1</quantmax>
        <cost>100</cost>
        <flags count_in_cargo="0" count_in_hoarder="0" count_in_map="1" count_in_player="0" crafted="1" deloot="0"/>
        <category name="tools"/>
    </type>
	<type name="ExpansionFlagKitWhite">
        <nominal>0</nominal>
        <lifetime>7200</lifetime>
        <restock>0</restock>
        <min>0</min>
        <quantmin>-1</quantmin>
        <quantmax>-1</quantmax>
        <cost>100</cost>
        <flags count_in_cargo="0" count_in_hoarder="0" count_in_map="1" count_in_player="0" crafted="1" deloot="0"/>
        <category name="tools"/>
    </type>
	<type name="ExpansionFlagBase">
		<lifetime>3888000</lifetime>
		<flags count_in_cargo="0" count_in_hoarder="0" count_in_map="1" count_in_player="0" crafted="0" deloot="0"/>
	</type>
	<type name="ExpansionTerritoryFlag">
		<lifetime>3888000</lifetime>
		<flags count_in_cargo="0" count_in_hoarder="0" count_in_map="1" count_in_player="0" crafted="0" deloot="0"/>
	</type>
	<!-- FLAG END -->
	<!-- BASE BUILDING -->	
	<type name="WoodenLog">
        <nominal>0</nominal>
        <lifetime>7200</lifetime>
        <restock>0</restock>
        <min>0</min>
        <quantmin>-1</quantmin>
        <quantmax>-1</quantmax>
        <cost>100</cost>
        <flags count_in_cargo="0" count_in_hoarder="0" count_in_map="1" count_in_player="0" crafted="1" deloot="0"/>
        <category name="tools"/>
    </type>
	<type name="ExpansionLumber05">
        <nominal>0</nominal>
        <lifetime>7200</lifetime>
        <restock>0</restock>
        <min>0</min>
        <quantmin>-1</quantmin>
        <quantmax>-1</quantmax>
        <cost>100</cost>
        <flags count_in_cargo="0" count_in_hoarder="0" count_in_map="1" count_in_player="0" crafted="1" deloot="0"/>
        <category name="tools"/>
    </type>
	<type name="ExpansionLumber1">
        <nominal>0</nominal>
        <lifetime>7200</lifetime>
        <restock>0</restock>
        <min>0</min>
        <quantmin>-1</quantmin>
        <quantmax>-1</quantmax>
        <cost>100</cost>
        <flags count_in_cargo="0" count_in_hoarder="0" count_in_map="1" count_in_player="0" crafted="1" deloot="0"/>
        <category name="tools"/>
    </type>
	<type name="ExpansionLumber15">
        <nominal>0</nominal>
        <lifetime>7200</lifetime>
        <restock>0</restock>
        <min>0</min>
        <quantmin>-1</quantmin>
        <quantmax>-1</quantmax>
        <cost>100</cost>
        <flags count_in_cargo="0" count_in_hoarder="0" count_in_map="1" count_in_player="0" crafted="1" deloot="0"/>
        <category name="tools"/>
    </type>
	<type name="ExpansionLumber3">
        <nominal>0</nominal>
        <lifetime>7200</lifetime>
        <restock>0</restock>
        <min>0</min>
        <quantmin>-1</quantmin>
        <quantmax>-1</quantmax>
        <cost>100</cost>
        <flags count_in_cargo="0" count_in_hoarder="0" count_in_map="1" count_in_player="0" crafted="1" deloot="0"/>
        <category name="tools"/>
    </type>
	<type name="ExpansionFloorKit">
        <nominal>0</nominal>
        <lifetime>7200</lifetime>
        <restock>0</restock>
        <min>0</min>
        <quantmin>-1</quantmin>
        <quantmax>-1</quantmax>
        <cost>100</cost>
        <flags count_in_cargo="0" count_in_hoarder="0" count_in_map="1" count_in_player="0" crafted="1" deloot="0"/>
        <category name="tools"/>
    </type>
	<type name="ExpansionWoodPillarKit">
        <nominal>0</nominal>
        <lifetime>7200</lifetime>
        <restock>0</restock>
        <min>0</min>
        <quantmin>-1</quantmin>
        <quantmax>-1</quantmax>
        <cost>100</cost>
        <flags count_in_cargo="0" count_in_hoarder="0" count_in_map="1" count_in_player="0" crafted="1" deloot="0"/>
        <category name="tools"/>
    </type>	
	<type name="ExpansionRampKit">
        <nominal>0</nominal>
        <lifetime>7200</lifetime>
        <restock>0</restock>
        <min>0</min>
        <quantmin>-1</quantmin>
        <quantmax>-1</quantmax>
        <cost>100</cost>
        <flags count_in_cargo="0" count_in_hoarder="0" count_in_map="1" count_in_player="0" crafted="1" deloot="0"/>
        <category name="tools"/>
    </type>
	<type name="ExpansionStairKit">
        <nominal>0</nominal>
        <lifetime>7200</lifetime>
        <restock>0</restock>
        <min>0</min>
        <quantmin>-1</quantmin>
        <quantmax>-1</quantmax>
        <cost>100</cost>
        <flags count_in_cargo="0" count_in_hoarder="0" count_in_map="1" count_in_player="0" crafted="1" deloot="0"/>
        <category name="tools"/>
    </type>
	<type name="ExpansionWallKit">
        <nominal>0</nominal>
        <lifetime>7200</lifetime>
        <restock>0</restock>
        <min>0</min>
        <quantmin>-1</quantmin>
        <quantmax>-1</quantmax>
        <cost>100</cost>
        <flags count_in_cargo="0" count_in_hoarder="0" count_in_map="1" count_in_player="0" crafted="1" deloot="0"/>
        <category name="tools"/>
    </type>
	<type name="ExpansionCamoBoxKit">
        <nominal>10</nominal>
        <lifetime>7200</lifetime>
        <restock>0</restock>
        <min>5</min>
        <quantmin>-1</quantmin>
        <quantmax>-1</quantmax>
        <cost>100</cost>
        <flags count_in_cargo="0" count_in_hoarder="0" count_in_map="1" count_in_player="0" crafted="0" deloot="0"/>
        <category name="tools"/>
        <usage name="Town"/>
        <usage name="Village"/>
        <usage name="Hunting"/>
    </type>
    <type name="ExpansionBarrierGateKit">
        <nominal>10</nominal>
        <lifetime>7200</lifetime>
        <restock>0</restock>
        <min>5</min>
        <quantmin>-1</quantmin>
        <quantmax>-1</quantmax>
        <cost>100</cost>
        <flags count_in_cargo="0" count_in_hoarder="0" count_in_map="1" count_in_player="0" crafted="0" deloot="0"/>
        <category name="tools"/>
        <usage name="Town"/>
        <usage name="Village"/>
        <usage name="Hunting"/>
    </type>
	<type name="ExpansionCamoTentKit">
        <nominal>10</nominal>
        <lifetime>3888000</lifetime>
        <restock>0</restock>
        <min>5</min>
        <quantmin>-1</quantmin>
        <quantmax>-1</quantmax>
        <cost>100</cost>
        <flags count_in_cargo="0" count_in_hoarder="0" count_in_map="1" count_in_player="0" crafted="0" deloot="0"/>
        <category name="tools"/>
        <usage name="Town"/>
        <usage name="Village"/>
        <usage name="Hunting"/>
    </type>
	<type name="ExpansionSafeBase">
        <lifetime>3888000</lifetime>
        <flags count_in_cargo="0" count_in_hoarder="0" count_in_map="1" count_in_player="0" crafted="1" deloot="0"/>
    </type>
	<type name="ExpansionSafeLarge">
        <nominal>10</nominal>
        <lifetime>3888000</lifetime>
        <restock>0</restock>
        <min>5</min>
        <quantmin>-1</quantmin>
        <quantmax>-1</quantmax>
        <cost>100</cost>
        <flags count_in_cargo="0" count_in_hoarder="0" count_in_map="1" count_in_player="0" crafted="0" deloot="0"/>
        <category name="tools"/>
        <tag name="floor"/>
        <usage name="Town"/>
        <usage name="Military"/>
    </type>
	<type name="ExpansionSafeMini">
        <nominal>10</nominal>
        <lifetime>3888000</lifetime>
        <restock>0</restock>
        <min>5</min>
        <quantmin>-1</quantmin>
        <quantmax>-1</quantmax>
        <cost>100</cost>
        <flags count_in_cargo="0" count_in_hoarder="0" count_in_map="1" count_in_player="0" crafted="0" deloot="0"/>
        <category name="tools"/>
        <tag name="floor"/>
        <usage name="Town"/>
        <usage name="Military"/>
    </type>
	<type name="ExpansionSafeMedium">
        <nominal>10</nominal>
        <lifetime>3888000</lifetime>
        <restock>0</restock>
        <min>5</min>
        <quantmin>-1</quantmin>
        <quantmax>-1</quantmax>
        <cost>100</cost>
        <flags count_in_cargo="0" count_in_hoarder="0" count_in_map="1" count_in_player="0" crafted="0" deloot="0"/>
        <category name="tools"/>
        <tag name="floor"/>
        <usage name="Town"/>
        <usage name="Military"/>
    </type>
	<type name="ExpansionGunrack">
        <nominal>20</nominal>
        <lifetime>3888000</lifetime>
        <restock>0</restock>
        <min>10</min>
        <quantmin>-1</quantmin>
        <quantmax>-1</quantmax>
        <cost>100</cost>
        <flags count_in_cargo="0" count_in_hoarder="0" count_in_map="1" count_in_player="0" crafted="0" deloot="0"/>
        <category name="tools"/>
        <tag name="floor"/>
        <usage name="Military"/>
    </type>
	<type name="ExpansionHelipadKit">
        <nominal>10</nominal>
        <lifetime>7200</lifetime>
        <restock>0</restock>
        <min>5</min>
        <quantmin>-1</quantmin>
        <quantmax>-1</quantmax>
        <cost>100</cost>
        <flags count_in_cargo="0" count_in_hoarder="0" count_in_map="1" count_in_player="0" crafted="0" deloot="0"/>
        <category name="tools"/>
        <usage name="Military"/>
    </type>
    <type name="ExpansionBarbedWireKit">
        <nominal>10</nominal>
        <lifetime>7200</lifetime>
        <restock>0</restock>
        <min>5</min>
        <quantmin>-1</quantmin>
        <quantmax>-1</quantmax>
        <cost>100</cost>
        <flags count_in_cargo="0" count_in_hoarder="0" count_in_map="1" count_in_player="0" crafted="0" deloot="0"/>
        <category name="tools"/>
        <usage name="Military"/>
    </type>
    <type name="ExpansionHescoKit">
        <nominal>10</nominal>
        <lifetime>7200</lifetime>
        <restock>0</restock>
        <min>5</min>
        <quantmin>-1</quantmin>
        <quantmax>-1</quantmax>
        <cost>100</cost>
        <flags count_in_cargo="0" count_in_hoarder="0" count_in_map="1" count_in_player="0" crafted="0" deloot="0"/>
        <category name="tools"/>
        <usage name="Military"/>
    </type>
	<type name="ExpansionCodeLock">
        <nominal>45</nominal>
        <lifetime>7200</lifetime>
        <restock>0</restock>
        <min>35</min>
        <quantmin>-1</quantmin>
        <quantmax>-1</quantmax>
        <cost>100</cost>
        <flags count_in_cargo="0" count_in_hoarder="0" count_in_map="1" count_in_player="0" crafted="0" deloot="0"/>
        <category name="tools"/>
        <usage name="Industrial"/>
        <usage name="Farm"/>
    </type>
    <type name="ExpansionCone">
        <lifetime>3888000</lifetime>
        <flags count_in_cargo="0" count_in_hoarder="0" count_in_map="1" count_in_player="0" crafted="1" deloot="0"/>
    </type>
    <type name="ExpansionSignDanger">
        <lifetime>3888000</lifetime>
        <flags count_in_cargo="0" count_in_hoarder="0" count_in_map="1" count_in_player="0" crafted="1" deloot="0"/>
    </type>
    <type name="ExpansionSignDanger2">
        <lifetime>3888000</lifetime>
        <flags count_in_cargo="0" count_in_hoarder="0" count_in_map="1" count_in_player="0" crafted="1" deloot="0"/>
    </type>
    <type name="ExpansionSignDanger3">
        <lifetime>3888000</lifetime>
        <flags count_in_cargo="0" count_in_hoarder="0" count_in_map="1" count_in_player="0" crafted="1" deloot="0"/>
    </type>
    <type name="ExpansionSignRoadBarrier">
        <lifetime>3888000</lifetime>
        <flags count_in_cargo="0" count_in_hoarder="0" count_in_map="1" count_in_player="0" crafted="1" deloot="0"/>
    </type>
    <type name="ExpansionBarbedWire">
        <lifetime>3888000</lifetime>
        <flags count_in_cargo="0" count_in_hoarder="0" count_in_map="1" count_in_player="0" crafted="1" deloot="0"/>
    </type>
    <type name="ExpansionHesco">
        <lifetime>3888000</lifetime>
        <flags count_in_cargo="0" count_in_hoarder="0" count_in_map="1" count_in_player="0" crafted="1" deloot="0"/>
    </type>
    <type name="ExpansionBarrierGate">
        <lifetime>3888000</lifetime>
        <flags count_in_cargo="0" count_in_hoarder="0" count_in_map="1" count_in_player="0" crafted="1" deloot="0"/>
    </type>
	<type name="ExpansionCamoBox">
        <lifetime>3888000</lifetime>
        <flags count_in_cargo="0" count_in_hoarder="0" count_in_map="1" count_in_player="0" crafted="1" deloot="0"/>
    </type>
	<type name="ExpansionATent">
        <lifetime>3888000</lifetime>
        <flags count_in_cargo="0" count_in_hoarder="0" count_in_map="1" count_in_player="0" crafted="1" deloot="0"/>
    </type>
    <type name="ExpansionCamoTent">
        <lifetime>3888000</lifetime>
        <flags count_in_cargo="0" count_in_hoarder="0" count_in_map="1" count_in_player="0" crafted="1" deloot="0"/>
    </type>
	<type name="ExpansionHelipad">
        <lifetime>3888000</lifetime>
        <flags count_in_cargo="0" count_in_hoarder="0" count_in_map="1" count_in_player="0" crafted="1" deloot="0"/>
    </type>
	<type name="ExpansionStove">
        <lifetime>3888000</lifetime>
        <flags count_in_cargo="0" count_in_hoarder="0" count_in_map="1" count_in_player="0" crafted="1" deloot="0"/>
    </type>
	<type name="ExpansionWoodPillar">
        <lifetime>3888000</lifetime>
        <flags count_in_cargo="0" count_in_hoarder="0" count_in_map="1" count_in_player="0" crafted="1" deloot="0"/>
    </type>
	<type name="ExpansionWall6x3">
        <lifetime>3888000</lifetime>
        <flags count_in_cargo="0" count_in_hoarder="0" count_in_map="1" count_in_player="0" crafted="1" deloot="0"/>
    </type>
	<type name="ExpansionFloor6x6">
        <lifetime>3888000</lifetime>
        <flags count_in_cargo="0" count_in_hoarder="0" count_in_map="1" count_in_player="0" crafted="1" deloot="0"/>
    </type>
	<type name="ExpansionFloor3x3">
        <lifetime>3888000</lifetime>
        <flags count_in_cargo="0" count_in_hoarder="0" count_in_map="1" count_in_player="0" crafted="1" deloot="0"/>
    </type>
	<type name="ExpansionRamp6x1_5x6">
        <lifetime>3888000</lifetime>
        <flags count_in_cargo="0" count_in_hoarder="0" count_in_map="1" count_in_player="0" crafted="1" deloot="0"/>
    </type>
	<type name="ExpansionStairS1_5x3x3">
        <lifetime>3888000</lifetime>
        <flags count_in_cargo="0" count_in_hoarder="0" count_in_map="1" count_in_player="0" crafted="1" deloot="0"/>
    </type>
	<!-- BASE BUILDING END -->
	<!-- MISC TYPES -->
	<type name="ExpansionCarAdminKey">
        <lifetime>0</lifetime>
        <flags count_in_cargo="0" count_in_hoarder="0" count_in_map="1" count_in_player="0" crafted="0" deloot="1"/>
    </type>
	<type name="ExpansionAdminHammer">
        <lifetime>0</lifetime>
        <flags count_in_cargo="0" count_in_hoarder="0" count_in_map="1" count_in_player="0" crafted="0" deloot="1"/>
    </type>
    <type name="ExpansionCarKey">
        <nominal>0</nominal>
        <lifetime>7200</lifetime>
        <restock>0</restock>
        <min>0</min>
        <quantmin>-1</quantmin>
        <quantmax>-1</quantmax>
        <cost>100</cost>
        <flags count_in_cargo="0" count_in_hoarder="0" count_in_map="1" count_in_player="0" crafted="0" deloot="1"/>
        <category name="tools"/>
        <tag name="shelves"/>
        <usage name="Industrial"/>
        <usage name="Town"/>
        <usage name="Village"/>
    </type>
	<type name="ExpansionGPS">
        <nominal>35</nominal>
        <lifetime>7200</lifetime>
        <restock>0</restock>
        <min>30</min>
        <quantmin>-1</quantmin>
        <quantmax>-1</quantmax>
        <cost>100</cost>
        <flags count_in_cargo="0" count_in_hoarder="0" count_in_map="1" count_in_player="0" crafted="0" deloot="0"/>
        <category name="tools"/>
        <usage name="Military"/>
        <usage name="Police"/>
        <usage name="Town"/>
        <usage name="Village"/>
        <value name="Tier3"/>
        <value name="Tier4"/>
    </type>
	<!-- MISC END -->
	<!-- CONSUMABLES TYPES -->
	<type name="ExpansionMilkBottle">
        <nominal>25</nominal>
        <lifetime>1800</lifetime>
        <restock>0</restock>
        <min>15</min>
        <quantmin>-1</quantmin>
        <quantmax>-1</quantmax>
        <cost>100</cost>
        <flags count_in_cargo="0" count_in_hoarder="0" count_in_map="1" count_in_player="0" crafted="0" deloot="0"/>
		<category name="food"/>
        <tag name="shelves"/>
        <usage name="Farm"/>
        <usage name="Town"/>
        <usage name="Village"/>
    </type>
	<type name="ExpansionBread1">
        <nominal>25</nominal>
        <lifetime>1800</lifetime>
        <restock>0</restock>
        <min>15</min>
        <quantmin>-1</quantmin>
        <quantmax>-1</quantmax>
        <cost>100</cost>
        <flags count_in_cargo="0" count_in_hoarder="0" count_in_map="1" count_in_player="0" crafted="0" deloot="0"/>
		<category name="food"/>
        <tag name="shelves"/>
        <usage name="Farm"/>
        <usage name="Town"/>
        <usage name="Village"/>
    </type>
	<type name="ExpansionBread2">
        <nominal>25</nominal>
        <lifetime>1800</lifetime>
        <restock>0</restock>
        <min>15</min>
        <quantmin>-1</quantmin>
        <quantmax>-1</quantmax>
        <cost>100</cost>
        <flags count_in_cargo="0" count_in_hoarder="0" count_in_map="1" count_in_player="0" crafted="0" deloot="0"/>
		<category name="food"/>
        <tag name="shelves"/>
        <usage name="Farm"/>
        <usage name="Town"/>
        <usage name="Village"/>
    </type>
	<type name="ExpansionBread3">
        <nominal>25</nominal>
        <lifetime>1800</lifetime>
        <restock>0</restock>
        <min>15</min>
        <quantmin>-1</quantmin>
        <quantmax>-1</quantmax>
        <cost>100</cost>
        <flags count_in_cargo="0" count_in_hoarder="0" count_in_map="1" count_in_player="0" crafted="0" deloot="0"/>
		<category name="food"/>
        <tag name="shelves"/>
        <usage name="Farm"/>
        <usage name="Town"/>
        <usage name="Village"/>
    </type>
	<type name="ExpansionCheese1">
        <nominal>25</nominal>
        <lifetime>1800</lifetime>
        <restock>0</restock>
        <min>15</min>
        <quantmin>-1</quantmin>
        <quantmax>-1</quantmax>
        <cost>100</cost>
        <flags count_in_cargo="0" count_in_hoarder="0" count_in_map="1" count_in_player="0" crafted="0" deloot="0"/>
		<category name="food"/>
        <tag name="shelves"/>
        <usage name="Farm"/>
        <usage name="Town"/>
        <usage name="Village"/>
    </type>
	<type name="ExpansionCheese2">
        <nominal>25</nominal>
        <lifetime>1800</lifetime>
        <restock>0</restock>
        <min>15</min>
        <quantmin>-1</quantmin>
        <quantmax>-1</quantmax>
        <cost>100</cost>
        <flags count_in_cargo="0" count_in_hoarder="0" count_in_map="1" count_in_player="0" crafted="0" deloot="0"/>
		<category name="food"/>
        <tag name="shelves"/>
        <usage name="Farm"/>
        <usage name="Town"/>
        <usage name="Village"/>
    </type>
	<type name="ExpansionCheese3">
        <nominal>25</nominal>
        <lifetime>1800</lifetime>
        <restock>0</restock>
        <min>15</min>
        <quantmin>-1</quantmin>
        <quantmax>-1</quantmax>
        <cost>100</cost>
        <flags count_in_cargo="0" count_in_hoarder="0" count_in_map="1" count_in_player="0" crafted="0" deloot="0"/>
		<category name="food"/>
        <tag name="shelves"/>
        <usage name="Farm"/>
        <usage name="Town"/>
        <usage name="Village"/>
    </type>
	<type name="ExpansionCheese4">
        <nominal>25</nominal>
        <lifetime>1800</lifetime>
        <restock>0</restock>
        <min>15</min>
        <quantmin>-1</quantmin>
        <quantmax>-1</quantmax>
        <cost>100</cost>
        <flags count_in_cargo="0" count_in_hoarder="0" count_in_map="1" count_in_player="0" crafted="0" deloot="0"/>
        <category name="food"/>
        <tag name="shelves"/>
        <usage name="Farm"/>
        <usage name="Town"/>
        <usage name="Village"/>
    </type>
    <!-- CONSUMABLES TYPES END -->
	<!-- SPRAY CANS -->
    <type name="ExpansionSpraycanGreen">
        <lifetime>43200</lifetime>
        <flags count_in_cargo="0" count_in_hoarder="0" count_in_map="1" count_in_player="0" crafted="0" deloot="0"/>
    </type>
    <type name="ExpansionSpraycanBlue">
        <lifetime>43200</lifetime>
        <flags count_in_cargo="0" count_in_hoarder="0" count_in_map="1" count_in_player="0" crafted="0" deloot="0"/>
    </type>
    <type name="ExpansionSpraycanWhite">
        <lifetime>43200</lifetime>
        <flags count_in_cargo="0" count_in_hoarder="0" count_in_map="1" count_in_player="0" crafted="0" deloot="0"/>
    </type>
    <type name="ExpansionSpraycanRed">
        <lifetime>43200</lifetime>
        <flags count_in_cargo="0" count_in_hoarder="0" count_in_map="1" count_in_player="0" crafted="0" deloot="0"/>
    </type>
    <type name="ExpansionSpraycanBlack">
        <lifetime>43200</lifetime>
        <flags count_in_cargo="0" count_in_hoarder="0" count_in_map="1" count_in_player="0" crafted="0" deloot="0"/>
    </type>
    <type name="ExpansionSpraycanGrey">
        <lifetime>43200</lifetime>
        <flags count_in_cargo="0" count_in_hoarder="0" count_in_map="1" count_in_player="0" crafted="0" deloot="0"/>
    </type>
    <type name="ExpansionSpraycanWine">
        <lifetime>43200</lifetime>
        <flags count_in_cargo="0" count_in_hoarder="0" count_in_map="1" count_in_player="0" crafted="0" deloot="0"/>
    </type>
    <type name="ExpansionSpraycanYellow">
        <lifetime>43200</lifetime>
        <flags count_in_cargo="0" count_in_hoarder="0" count_in_map="1" count_in_player="0" crafted="0" deloot="0"/>
    </type>
    <type name="ExpansionSpraycanWeeb">
        <lifetime>43200</lifetime>
        <flags count_in_cargo="0" count_in_hoarder="0" count_in_map="1" count_in_player="0" crafted="0" deloot="0"/>
    </type>
    <type name="ExpansionSpraycanDahoman">
        <lifetime>43200</lifetime>
        <flags count_in_cargo="0" count_in_hoarder="0" count_in_map="1" count_in_player="0" crafted="0" deloot="0"/>
    </type>
    <type name="ExpansionSpraycanIon">
        <lifetime>43200</lifetime>
        <flags count_in_cargo="0" count_in_hoarder="0" count_in_map="1" count_in_player="0" crafted="0" deloot="0"/>
    </type>
    <type name="ExpansionSpraycanPresident">
        <lifetime>43200</lifetime>
        <flags count_in_cargo="0" count_in_hoarder="0" count_in_map="1" count_in_player="0" crafted="0" deloot="0"/>
    </type>
    <type name="ExpansionSpraycanVrana">
        <lifetime>43200</lifetime>
        <flags count_in_cargo="0" count_in_hoarder="0" count_in_map="1" count_in_player="0" crafted="0" deloot="0"/>
    </type>
    <type name="ExpansionSpraycanWave">
        <lifetime>43200</lifetime>
        <flags count_in_cargo="0" count_in_hoarder="0" count_in_map="1" count_in_player="0" crafted="0" deloot="0"/>
    </type>
    <type name="ExpansionSpraycanCivilian">
        <lifetime>43200</lifetime>
        <flags count_in_cargo="0" count_in_hoarder="0" count_in_map="1" count_in_player="0" crafted="0" deloot="0"/>
    </type>
    <type name="ExpansionSpraycanMedical">
        <lifetime>43200</lifetime>
        <flags count_in_cargo="0" count_in_hoarder="0" count_in_map="1" count_in_player="0" crafted="0" deloot="0"/>
    </type>
    <type name="ExpansionSpraycanUber">
        <lifetime>43200</lifetime>
        <flags count_in_cargo="0" count_in_hoarder="0" count_in_map="1" count_in_player="0" crafted="0" deloot="0"/>
    </type>
    <type name="ExpansionSpraycanBlueline">
        <lifetime>43200</lifetime>
        <flags count_in_cargo="0" count_in_hoarder="0" count_in_map="1" count_in_player="0" crafted="0" deloot="0"/>
    </type>
    <type name="ExpansionSpraycanDigital">
        <lifetime>43200</lifetime>
        <flags count_in_cargo="0" count_in_hoarder="0" count_in_map="1" count_in_player="0" crafted="0" deloot="0"/>
    </type>
    <type name="ExpansionSpraycanElliptical">
        <lifetime>43200</lifetime>
        <flags count_in_cargo="0" count_in_hoarder="0" count_in_map="1" count_in_player="0" crafted="0" deloot="0"/>
    </type>
    <type name="ExpansionSpraycanFurious">
        <lifetime>43200</lifetime>
        <flags count_in_cargo="0" count_in_hoarder="0" count_in_map="1" count_in_player="0" crafted="0" deloot="0"/>
    </type>
    <type name="ExpansionSpraycanGrayWatcher">
        <lifetime>43200</lifetime>
        <flags count_in_cargo="0" count_in_hoarder="0" count_in_map="1" count_in_player="0" crafted="0" deloot="0"/>
    </type>
    <type name="ExpansionSpraycanJeans">
        <lifetime>43200</lifetime>
        <flags count_in_cargo="0" count_in_hoarder="0" count_in_map="1" count_in_player="0" crafted="0" deloot="0"/>
    </type>
    <type name="ExpansionSpraycanShadow">
        <lifetime>43200</lifetime>
        <flags count_in_cargo="0" count_in_hoarder="0" count_in_map="1" count_in_player="0" crafted="0" deloot="0"/>
    </type>
    <type name="ExpansionSpraycanSpeedy">
        <lifetime>43200</lifetime>
        <flags count_in_cargo="0" count_in_hoarder="0" count_in_map="1" count_in_player="0" crafted="0" deloot="0"/>
    </type>
    <type name="ExpansionSpraycanSunset">
        <lifetime>43200</lifetime>
        <flags count_in_cargo="0" count_in_hoarder="0" count_in_map="1" count_in_player="0" crafted="0" deloot="0"/>
    </type>
    <type name="ExpansionSpraycanWasp">
        <lifetime>43200</lifetime>
        <flags count_in_cargo="0" count_in_hoarder="0" count_in_map="1" count_in_player="0" crafted="0" deloot="0"/>
    </type>
	<!-- SPRAY CANS END -->
	<!-- AIRDROP CRATES -->
    <type name="ExpansionAirdropContainer">
        <lifetime>43200</lifetime>
        <flags count_in_cargo="0" count_in_hoarder="0" count_in_map="1" count_in_player="0" crafted="0" deloot="0"/>
    </type>
    <type name="ExpansionAirdropContainer_Medical">
        <lifetime>43200</lifetime>
        <flags count_in_cargo="0" count_in_hoarder="0" count_in_map="1" count_in_player="0" crafted="0" deloot="0"/>
    </type>
    <type name="ExpansionAirdropContainer_Basebuilding">
        <lifetime>43200</lifetime>
        <flags count_in_cargo="0" count_in_hoarder="0" count_in_map="1" count_in_player="0" crafted="0" deloot="0"/>
    </type>
    <type name="ExpansionAirdropContainer_Military">
        <lifetime>43200</lifetime>
        <flags count_in_cargo="0" count_in_hoarder="0" count_in_map="1" count_in_player="0" crafted="0" deloot="0"/>
    </type>
	<!-- AIRDROP CRATES END -->
    <!-- ANIMAL TYPES -->
    <type name="Animal_LepusEuropaeus">
        <nominal>0</nominal>
        <lifetime>1800</lifetime>
        <restock>0</restock>
        <min>0</min>
        <quantmin>-1</quantmin>
        <quantmax>-1</quantmax>
        <cost>100</cost>
        <flags count_in_cargo="0" count_in_hoarder="0" count_in_map="1" count_in_player="0" crafted="0" deloot="0"/>
    </type>
</types>