<?xml version="1.0" encoding="UTF-8" standalone="yes" ?>
<env>
	<territories>
		<file path="env/hare_territories.xml" />

		<territory type="Herd" name="AmbientHare" behavior="DZDeerGroupBeh">
			<file usable="hare_territories" />
		</territory>

		<!-- HARE -->
		<territory type="Ambient" name="AmbientHare" behavior="DZAmbientLifeGroupBeh">
			<file usable="hare_territories" />
			<!-- different agent types - class has to begin with AgentType:w -->
			<agent type="Male" chance="1">
				<spawn configName="Animal_LepusEuropaeus" chance="1" />
			</agent>
			<agent type="Female" chance="3">
				<spawn configName="Animal_LepusEuropaeus" chance="1" />
			</agent>

			<item name="globalCountMax" val="0" />
			<item name="zoneCountMin" val="3" />
			<item name="zoneCountMax" val="5" />
			<item name="playerSpawnRadiusNear" val="15" />
			<item name="playerSpawnRadiusFar" val="200" />
		</territory>
	</territories>
</env>