<?xml version="1.0" encoding="UTF-8" standalone="yes"?>
<playerspawnpoints>
    <!--
        Spawn points settings for newly created player characters
    -->
    <fresh>
        <!-- runtime parameters used when player is spawning -->
        <spawn_params>
            <!-- used to rate point against infected -->
            <min_dist_infected>30.0</min_dist_infected>
            <max_dist_infected>70.0</max_dist_infected>
            <!-- used to rate point against other players -->
            <min_dist_player>25.0</min_dist_player>
            <max_dist_player>70.0</max_dist_player>
            <!-- used to rate point against buildings -->
            <min_dist_static>0.5</min_dist_static>
            <max_dist_static>2.0</max_dist_static>
        </spawn_params>

        <!--
            Generator parameters

            Spawn points are generated around positions given inside <generator_posbubbles> element.
            Around every position is created a rectangle with given dimensions.
            This rectangle is then sampled for spawn point candidates in form of a grid.
        -->
        <generator_params>
            <!--
                Density is sample frequency of created rectangle.

                example:                         example:
                  density 4                        density 8

                grid will look like this:        grid will look like this:

                  +-----+-----+-----+-----+        +--+--+--+--+--+--+--+--+
                  |     |     |     |     |        |  |  |  |  |  |  |  |  |
                  |     |     |     |     |        +--+--+--+--+--+--+--+--+
                  |     |     |     |     |        |  |  |  |  |  |  |  |  |
                  +-----+-----+-----+-----+        +--+--+--+--+--+--+--+--+
                  |     |     |     |     |        |  |  |  |  |  |  |  |  |
                  |     |     |     |     |        +--+--+--+--+--+--+--+--+
                  |     |     |     |     |        |  |  |  |  |  |  |  |  |
                  +-----+-----+-----+-----+        +--+--+--+--+--+--+--+--+
                  |     |     |     |     |        |  |  |  |  |  |  |  |  |
                  |     |     |     |     |        +--+--+--+--+--+--+--+--+
                  |     |     |     |     |        |  |  |  |  |  |  |  |  |
                  +-----+-----+-----+-----+        +--+--+--+--+--+--+--+--+
                  |     |     |     |     |        |  |  |  |  |  |  |  |  |
                  |     |     |     |     |        +--+--+--+--+--+--+--+--+
                  |     |     |     |     |        |  |  |  |  |  |  |  |  |
                  +-----+-----+-----+-----+        +--+--+--+--+--+--+--+--+

                Every '+' represents a spawn point candidate.
                Blank areas are space between each spawn point.
                Width of each area is exaclty width / density.
                Height of each area is exaclty height / density.
            -->
            <grid_density>8</grid_density>
            <!-- total width of grid in metres -->
            <grid_width>40.0</grid_width>
            <!-- total height of grid in metres -->
            <grid_height>40.0</grid_height>
            <!--  minimum distance from buildings for valid spawn point -->
            <min_dist_static>0.5</min_dist_static>
            <!--  maximum distance from buildings used to rate valid spawn point -->
            <max_dist_static>2.0</max_dist_static>
            <!-- terrain slope limits for valid spawn point -->
            <min_steepness>-45</min_steepness>
            <max_steepness>45</max_steepness>
        </generator_params>

        <!-- centers for grids of spawn points -->
        <generator_posbubbles>
		        <pos x="8210" z="6303" />
			<pos x="8215" z="6305" />		
            <pos x="8217" z="6310" />	
			<pos x="8208" z="6308" />	
            <pos x="8139" z="6388" />	
			<pos x="8145" z="6380" />	
			<pos x="8142" z="6385" />	
			<pos x="8135" z="6375" />	          
			<pos x="7850" z="6412" />	
			<pos x="7855" z="6514" />	
            <pos x="7859" z="6520" />	
			<pos x="7863" z="6530" />	
			<pos x="7566" z="6418" />	
			<pos x="7560" z="6420" />	
   			<pos x="7580" z="6430" />	
			<pos x="7560" z="6439" />	
            <pos x="7236" z="6452" />	
			<pos x="7245" z="6455" />	
			<pos x="7255" z="6465" />	
			<pos x="7270" z="6465" />
			<pos x="6748" z="6473" />	
			<pos x="6738" z="6473" />	
            <pos x="6728" z="6473" />	
			<pos x="6708" z="6473" />	
			<pos x="6718" z="6453" />	
			<pos x="6492" z="6635" />	
			<pos x="6482" z="6635" />	
            <pos x="6472" z="6635" />	
			<pos x="6462" z="6635" />	
			<pos x="6452" z="6635" />	
			<pos x="6422" z="6635" />	          
			<pos x="6402" z="6637" />	
			<pos x="6408" z="6624" />	
            <pos x="6114" z="6896" />	
			<pos x="6119" z="6896" />	
			<pos x="6127" z="6896" />	
			<pos x="6104" z="6896" />	
   			<pos x="6145" z="6896" />	
			<pos x="5930" z="6896" />	
            <pos x="5980" z="6896" />	
			<pos x="6004" z="6896" />	
			<pos x="5515" z="7050" />	
			<pos x="5525" z="7050" />
			<pos x="5535" z="7050" />	
			<pos x="5505" z="7059" />	
            <pos x="5495" z="7050" />	
			<pos x="5480" z="7055" />	
			<pos x="5476" z="7052" />	
			<pos x="5003" z="7140" />	   
			<pos x="5010" z="7140" />	
			<pos x="5020" z="7160" />	
            <pos x="5030" z="7140" />	
			<pos x="5230" z="7145" />	
			<pos x="5102" z="7110" />	
			<pos x="5140" z="7130" />	          
			<pos x="5030" z="7140" />	
			<pos x="5043" z="7120" />	
            <pos x="5064" z="7130" />	
			<pos x="5078" z="7145" />	
			<pos x="4652" z="7124" />	
			<pos x="4680" z="7130" />	
   			<pos x="4634" z="7124" />	
			<pos x="4675" z="7123" />	
            <pos x="4461" z="6814" />	
			<pos x="4471" z="6820" />	
			<pos x="4481" z="6830" />	
			<pos x="4490" z="6840" />
			<pos x="4460" z="6815" />	
			<pos x="4470" z="6820" />	
            <pos x="4432" z="6843" />	
			<pos x="4452" z="6854" />	
			<pos x="4462" z="6872" />	
			<pos x="4472" z="6890" />
			<pos x="3593" z="6806" />	
			<pos x="3580" z="6815" />	
            <pos x="3580" z="6810" />	
			<pos x="3580" z="6805" />	
			<pos x="3580" z="6795" />	
			<pos x="3580" z="6785" />	          
			<pos x="3580" z="6770" />	
			<pos x="3580" z="6776" />	
            <pos x="3580" z="6782" />	
			<pos x="3580" z="6760" />	
			<pos x="3580" z="6781" />	
			<pos x="3580" z="6792" />	
   			<pos x="3782" z="6520" />	
			<pos x="3782" z="6510" />	
            <pos x="3782" z="6500" />	
			<pos x="3782" z="6490" />	
			<pos x="3782" z="6480" />	
			<pos x="3782" z="6470" />
			<pos x="3782" z="6460" />	
			<pos x="3782" z="6450" />	
            <pos x="3782" z="6440" />	
			<pos x="3782" z="6430" />	
			<pos x="3782" z="6420" />	
			<pos x="3282" z="6221" />
			<pos x="3272" z="6221" />	
			<pos x="3265" z="6220" />	
            <pos x="3141" z="6105" />	
			<pos x="3151" z="6110" />	
			<pos x="3131" z="6110" />	
			<pos x="3161" z="6100" />	          
			<pos x="3121" z="6100" />	
			<pos x="3110" z="6100" />	
            <pos x="3100" z="6100" />	
			<pos x="3090" z="6100" />	
			<pos x="3080" z="6100" />	
			<pos x="3074" z="6106" />	
   			<pos x="3075" z="6100" />	
			<pos x="3065" z="6102" />	
            <pos x="3071" z="6108" />	
			<pos x="2730" z="5801" />	
			<pos x="2740" z="5801" />	
			<pos x="2740" z="5805" />
			<pos x="2731" z="5802" />	
			<pos x="2752" z="5780" />	
            <pos x="2741" z="5763" />	
			<pos x="2659" z="5391" />	
			<pos x="2678" z="5381" />	
			<pos x="2674" z="5395" />
			<pos x="2673" z="5370" />	
			<pos x="2671" z="5383" />	
            <pos x="6356" z="6482" />	
			<pos x="6370" z="6482" />	
			<pos x="6380" z="6482" />	
			<pos x="6340" z="6482" />	          
			<pos x="6390" z="6482" />	
			<pos x="6372" z="6482" />	
            <pos x="6378" z="6482" />	
			<pos x="6381" z="6482" />	
			<pos x="6390" z="6482" />	
			<pos x="6400" z="6482" />	
   			<pos x="6450" z="6482" />	
			<pos x="4487" z="7501" />	
            <pos x="4477" z="7505" />	
			<pos x="4490" z="7509" />	
			<pos x="4495" z="7507" />	
			<pos x="4500" z="7504" />
			<pos x="4510" z="7500" />	
			<pos x="4520" z="7514" />	
            <pos x="4560" z="7500" />	
			<pos x="4572" z="7510" />	
			<pos x="4583" z="7500" />	
			<pos x="4590" z="7516" />
			<pos x="4600" z="7517" />
			<pos x="4603" z="7500" />
			<pos x="4608" z="7518" />
			<pos x="4607" z="7507" />
			<pos x="4620" z="7502" />
			<pos x="4672" z="7518" />		
        </generator_posbubbles>
    </fresh>
</playerspawnpoints>
