{
    "CanBuildAnywhere": 1,
    "AllowBuildingWithoutATerritory": 1,
    "DeployableOutsideATerritory": [
        "ExpansionSatchel",
        "Fireplace",
        "ExpansionFlagKitBase"
    ],
    "DeployableInsideAEnemyTerritory": [
        "ExpansionSatchel",
        "LandMineTrap",
        "BearTrap"
    ],
    "CanCraftVanillaBasebuilding": 0,
    "CanCraftExpansionBasebuilding": 1,
    "CanCraftTerritoryFlag": 1,
    "DestroyFlagOnDismantle": 1,
    "CanDismantleFlag": 1,
    "DismantleOutsideTerritory": 0,
    "DismantleAnywhere": 0,
    "CodeLockLength": 4,
    "DoDamageWhenEnterWrongCodeLock": 1,
    "DamageWhenEnterWrongCodeLock": 10
}