{
    "PlayerLocationNotifier": 1,
    "EnableGlobalChat": 1,
    "EnableGravecross": 1,
    "Mapping": {
        "UseCustomMappingModule": 0,
        "Mapping": [
            "BerezhkiCave",
            "Berezino",
            "Chernogorsk_Enhancement1",
            "Chernogorsk_Enhancement2",
            "Chernogorsk_Forest1",
            "Chernogorsk_Forest2",
            "Chernogorsk_Highschool",
            "DebugIsland",
            "Elektrozavodsk",
            "Evacuation",
            "Factory",
            "Gorka",
            "Kamenka",
            "Kamyshovo",
            "Krutoy_Cap",
            "Myshkino",
            "Nadezhdino",
            "Nizhnoye",
            "Novodmitrovsk",
            "Radom_Stuff",
            "Roads",
            "Sea_Platform",
            "Solnechniy",
            "Staroye",
            "StaryYarBkr",
            "Svetloyarsk",
            "Tisy",
            "BerezinoNoCollision",
            "Chernogorsk_Enhancement1NoCollision",
            "Chernogorsk_Enhancement2NoCollision",
            "Chernogorsk_Forest1NoCollision",
            "Chernogorsk_Forest2NoCollision",
            "Chernogorsk_Grass1NoCollision",
            "Chernogorsk_Grass2NoCollision",
            "Chernogorsk_HighschoolNoCollision",
            "DebugIslandNoCollision",
            "ElektrozavodskNoCollision",
            "EvacuationNoCollision",
            "GorkaNoCollision",
            "GrassNoCollision",
            "KamenkaNoCollision",
            "Kamyshovo_GrassNoCollision",
            "KamyshovoNoCollision",
            "Krutoy_CapNoCollision",
            "MyshkinoNoCollision",
            "NadezhdinoNoCollision",
            "Radom_StuffNoCollision",
            "RoadsNoCollision",
            "Solnechniy_GrassNoCollision",
            "StaroyeNoCollision",
            "StaryYarBkrNoCollision",
            "SvetloyarskNoCollision",
            "SvetRoadForestNoCollision",
            "TisyNoCollision"
        ],
        "ObjectsToDelete": [],
        "InteriorBuilding": 0,
        "Ivies": 0
    },
    "EnableLamps": 3,
    "EnableGenerators": 0,
    "EnableLighthouses": 1,
    "EnableHUDGPS": 1,
    "NeedGPSItemForKeyBinding": 1,
    "NeedMapItemForKeyBinding": 1,
    "EnableHUDNightvisionOverlay": 1,
    "DisableMagicCrosshair": 0,
    "EnablePlayerTags": 1,
    "PlayerTagViewRange": 5,
    "EnablePlayerList": 1,
    "EnableAutoRun": 1,
    "UnlimitedStamina": 0
}